Timestamps,Speed,P Error,I Error,Distance,Data Available,dt
1805138,47,230,49890,530,1,11
1822167,20,200,0,500,0,0
1822167,20,200,0,500,0,0
1822310,80,825,1,1125,1,143
1822310,80,825,1,1125,1,143
1822328,80,903,16255,1203,0,18
1822328,80,903,16255,1203,0,18
1822337,36,268,18667,568,1,9
1822337,36,268,18667,568,1,9
1822348,13,42,19129,342,0,11
1822348,13,42,19129,342,0,11
1822359,22,127,20526,427,1,11
1822359,22,127,20526,427,1,11
1822373,14,38,21058,338,0,14
1822373,14,38,21058,338,0,14
1822384,33,215,23423,515,1,11
1822384,33,215,23423,515,1,11
1822400,40,271,27759,571,0,16
1822400,40,271,27759,571,0,16
1822406,33,190,28899,490,1,6
1822406,33,190,28899,490,1,6
1822417,33,178,30857,478,0,11
1822417,33,178,30857,478,0,11
1822422,31,160,31657,460,0,5
1822422,31,160,31657,460,0,5
1822433,47,303,34990,603,1,11
1822433,47,303,34990,603,1,11
1822439,51,328,36958,628,0,6
1822439,51,328,36958,628,0,6
1822449,59,394,40898,694,0,10
1822449,59,394,40898,694,0,10
1822455,34,133,41696,433,1,6
1822455,34,133,41696,433,1,6
1822466,25,48,42224,348,0,11
1822466,25,48,42224,348,0,11
1822471,13,-75,41849,225,0,5
1822471,13,-75,41849,225,0,5
1822479,77,547,46225,847,1,8
1822479,77,547,46225,847,1,8
1822490,80,736,54321,1036,0,11
1822490,80,736,54321,1036,0,11
1822495,80,1012,59381,1312,0,5
1822495,80,1012,59381,1312,0,5
1822505,51,207,61451,507,1,10
1822505,51,207,61451,507,1,10
1822516,37,64,62155,364,0,11
1822516,37,64,62155,364,0,11
1822521,16,-145,61430,155,0,5
1822521,16,-145,61430,155,0,5
1822527,59,276,63086,576,1,6
1822527,59,276,63086,576,1,6
1822538,64,310,66496,610,0,11
1822538,64,310,66496,610,0,11
1822548,80,510,71596,810,1,10
1822548,80,510,71596,810,1,10
1822559,80,632,78548,932,0,11
1822559,80,632,78548,932,0,11
1822569,64,649,1,949,1,10
1822569,64,649,1,949,1,10
1822580,76,721,7932,1021,0,11
1822580,76,721,7932,1021,0,11
1822591,44,385,12167,685,1,11
1822591,44,385,12167,685,1,11
1822608,25,181,15244,481,0,17
1822608,25,181,15244,481,0,17
1822619,34,256,18060,556,1,11
1822619,34,256,18060,556,1,11
1822630,30,206,20326,506,0,11
1822630,30,206,20326,506,0,11
1822635,23,133,20991,433,0,5
1822635,23,133,20991,433,0,5
1822646,42,304,24335,604,1,11
1822646,42,304,24335,604,1,11
1822660,47,328,28927,628,0,14
1822660,47,328,28927,628,0,14
1822671,35,197,31094,497,1,11
1822671,35,197,31094,497,1,11
1822687,29,129,33158,429,0,16
1822687,29,129,33158,429,0,16
1822697,53,352,36678,652,1,10
1822697,53,352,36678,652,1,10
1822708,62,417,41265,717,0,11
1822708,62,417,41265,717,0,11
1822715,74,524,44933,824,0,7
1822715,74,524,44933,824,0,7
1822726,56,326,48519,626,1,11
1822726,56,326,48519,626,1,11
1822736,57,318,51699,618,0,10
1822736,57,318,51699,618,0,10
1822752,53,257,55811,557,1,16
1822752,53,257,55811,557,1,16
1822763,51,228,58319,528,0,11
1822763,51,228,58319,528,0,11
1822774,53,234,60893,534,1,11
1822774,53,234,60893,534,1,11
1822785,53,223,63346,523,0,11
1822785,53,223,63346,523,0,11
1822796,61,279,66415,579,1,11
1822796,61,279,66415,579,1,11
1822807,64,301,69726,601,0,11
1822807,64,301,69726,601,0,11
1822818,60,247,72443,547,1,11
1822818,60,247,72443,547,1,11
1822823,60,240,73643,540,0,5
1822823,60,240,73643,540,0,5
1822834,59,217,76030,517,0,11
1822834,59,217,76030,517,0,11
1822839,64,260,77330,560,1,5
1822839,64,260,77330,560,1,5
1822850,26,266,1,566,0,11
1822850,26,266,1,566,0,11
1822856,73,718,4309,1018,1,6
1822856,73,718,4309,1018,1,6
1822867,80,1014,15463,1314,0,11
1822867,80,1014,15463,1314,0,11
1822872,80,1445,22688,1745,0,5
1822872,80,1445,22688,1745,0,5
1822879,48,363,25229,663,1,7
1822879,48,363,25229,663,1,7
1822890,33,194,27363,494,0,11
1822890,33,194,27363,494,0,11
1822901,63,475,32588,775,1,11
1822901,63,475,32588,775,1,11
1822912,72,531,38429,831,0,11
1822912,72,531,38429,831,0,11
1822922,44,239,40819,539,1,10
1822922,44,239,40819,539,1,10
1822939,25,48,41635,348,0,17
1822939,25,48,41635,348,0,17
1822950,55,329,45254,629,1,11
1822950,55,329,45254,629,1,11
1822961,61,364,49258,664,0,11
1822961,61,364,49258,664,0,11
1822970,45,204,51094,504,1,9
1822970,45,204,51094,504,1,9
1822981,39,136,52590,436,0,11
1822981,39,136,52590,436,0,11
1822986,29,36,52770,336,0,5
1822986,29,36,52770,336,0,5
1822991,47,209,53815,509,1,5
1822991,47,209,53815,509,1,5
1823008,50,213,57436,513,0,17
1823008,50,213,57436,513,0,17
1823019,53,238,60054,538,1,11
1823019,53,238,60054,538,1,11
1823030,56,249,62793,549,0,11
1823030,56,249,62793,549,0,11
1823035,58,265,64118,565,0,5
1823035,58,265,64118,565,0,5
1823046,63,299,67407,599,1,11
1823046,63,299,67407,599,1,11
1823057,67,323,70960,623,0,11
1823057,67,323,70960,623,0,11
1823063,72,361,73126,661,0,6
1823063,72,361,73126,661,0,6
1823071,80,444,76678,744,1,8
1823071,80,444,76678,744,1,8
1823082,50,507,1,807,0,11
1823082,50,507,1,807,0,11
1823087,61,599,2996,899,0,5
1823087,61,599,2996,899,0,5
1823097,47,442,7416,742,1,10
1823097,47,442,7416,742,1,10
1823108,50,442,12278,742,0,11
1823108,50,442,12278,742,0,11
1823113,51,441,14483,741,0,5
1823113,51,441,14483,741,0,5
1823124,41,320,18003,620,1,11
1823124,41,320,18003,620,1,11
1823141,35,244,22151,544,0,17
1823141,35,244,22151,544,0,17
1823152,51,385,26386,685,1,11
1823152,51,385,26386,685,1,11
1823168,58,422,33138,722,0,16
1823168,58,422,33138,722,0,16
1823179,60,413,37681,713,1,11
1823179,60,413,37681,713,1,11
1823193,64,427,43659,727,0,14
1823193,64,427,43659,727,0,14
1823204,46,234,46233,534,1,11
1823204,46,234,46233,534,1,11
1823220,36,120,48153,420,0,16
1823220,36,120,48153,420,0,16
1823230,52,273,50883,573,1,10
1823230,52,273,50883,573,1,10
1823241,55,289,54062,589,0,11
1823241,55,289,54062,589,0,11
1823251,61,330,57362,630,1,10
1823251,61,330,57362,630,1,10
1823262,66,359,61311,659,0,11
1823262,66,359,61311,659,0,11
1823273,53,218,63709,518,1,11
1823273,53,218,63709,518,1,11
1823290,46,132,65953,432,0,17
1823290,46,132,65953,432,0,17
1823301,54,203,68186,503,1,11
1823301,54,203,68186,503,1,11
1823312,54,198,70364,498,0,11
1823312,54,198,70364,498,0,11
1823317,54,190,71314,490,0,5
1823317,54,190,71314,490,0,5
1823324,58,220,72854,520,1,7
1823324,58,220,72854,520,1,7
1823339,66,278,77024,578,1,15
1823339,66,278,77024,578,1,15
1823355,33,339,1,639,0,16
1823355,33,339,1,639,0,16
1823361,43,424,2545,724,0,6
1823361,43,424,2545,724,0,6
1823369,49,467,6281,767,1,8
1823369,49,467,6281,767,1,8
1823380,59,536,12177,836,0,11
1823380,59,536,12177,836,0,11
1823390,32,256,14737,556,1,10
1823390,32,256,14737,556,1,10
1823401,22,146,16343,446,0,11
1823401,22,146,16343,446,0,11
1823411,47,374,20083,674,1,10
1823411,47,374,20083,674,1,10
1823422,55,435,24868,735,0,11
1823422,55,435,24868,735,0,11
1823433,43,296,28124,596,1,11
1823433,43,296,28124,596,1,11
1823450,39,236,32136,536,0,17
1823450,39,236,32136,536,0,17
1823459,59,412,35844,712,1,9
1823459,59,412,35844,712,1,9
1823470,66,461,40915,761,0,11
1823470,66,461,40915,761,0,11
1823480,80,633,47245,933,1,10
1823480,80,633,47245,933,1,10
1823491,80,748,55473,1048,0,11
1823491,80,748,55473,1048,0,11
1823502,80,888,65241,1188,1,11
1823502,80,888,65241,1188,1,11
1823519,80,1085,1,1385,1,17
1823519,80,1085,1,1385,1,17
1823535,80,1270,20321,1570,0,16
1823535,80,1270,20321,1570,0,16
1823546,80,815,29286,1115,1,11
1823546,80,815,29286,1115,1,11
1823557,80,705,37041,1005,0,11
1823557,80,705,37041,1005,0,11
1823562,74,545,39766,845,0,5
1823562,74,545,39766,845,0,5
1823571,80,631,45445,931,1,9
1823571,80,631,45445,931,1,9
1823582,80,551,51506,851,0,11
1823582,80,551,51506,851,0,11
1823592,80,958,61086,1258,1,10
1823592,80,958,61086,1258,1,10
1823603,80,1129,73505,1429,0,11
1823603,80,1129,73505,1429,0,11
1823613,80,1056,1,1356,1,10
1823613,80,1056,1,1356,1,10
1823630,80,1135,19296,1435,0,17
1823630,80,1135,19296,1435,0,17
1823641,80,771,27777,1071,1,11
1823641,80,771,27777,1071,1,11
1823652,80,660,35037,960,0,11
1823652,80,660,35037,960,0,11
1823657,68,498,37527,798,0,5
1823657,68,498,37527,798,0,5
1823666,80,823,44934,1123,1,9
1823666,80,823,44934,1123,1,9
1823677,80,845,54229,1145,0,11
1823677,80,845,54229,1145,0,11
1823687,72,433,58559,733,1,10
1823687,72,433,58559,733,1,10
1823698,53,229,61078,529,0,11
1823698,53,229,61078,529,0,11
1823708,54,231,63388,531,1,10
1823708,54,231,63388,531,1,10
1823719,44,126,64774,426,0,11
1823719,44,126,64774,426,0,11
1823730,80,544,70758,844,1,11
1823730,80,544,70758,844,1,11
1823747,78,785,1,1085,0,17
1823747,78,785,1,1085,0,17
1823758,32,312,3433,612,1,11
1823758,32,312,3433,612,1,11
1823772,22,196,6177,496,0,14
1823772,22,196,6177,496,0,14
1823783,34,299,9466,599,1,11
1823783,34,299,9466,599,1,11
1823789,35,296,11242,596,0,6
1823789,35,296,11242,596,0,6
1823794,35,291,12697,591,0,5
1823794,35,291,12697,591,0,5
1823809,41,326,17587,626,1,15
1823809,41,326,17587,626,1,15
1823820,44,337,21294,637,0,11
1823820,44,337,21294,637,0,11
1823825,46,353,23059,653,0,5
1823825,46,353,23059,653,0,5
1823835,53,404,27099,704,1,10
1823835,53,404,27099,704,1,10
1823846,59,437,31906,737,0,11
1823846,59,437,31906,737,0,11
1823857,80,700,39606,1000,1,11
1823857,80,700,39606,1000,1,11
1823868,80,848,48934,1148,0,11
1823868,80,848,48934,1148,0,11
1823879,75,484,54258,784,1,11
1823879,75,484,54258,784,1,11
1823895,62,327,59490,627,0,16
1823895,62,327,59490,627,0,16
1823904,80,673,65547,973,1,9
1823904,80,673,65547,973,1,9
1823915,80,756,73863,1056,0,11
1823915,80,756,73863,1056,0,11
1823925,68,302,76883,602,1,10
1823925,68,302,76883,602,1,10
1823936,49,108,78071,408,0,11
1823936,49,108,78071,408,0,11
1823947,31,310,1,610,1,11
1823947,31,310,1,610,1,11
1823964,34,316,5373,616,0,17
1823964,34,316,5373,616,0,17
1823973,58,536,10197,836,1,9
1823973,58,536,10197,836,1,9
1823984,71,631,17138,931,0,11
1823984,71,631,17138,931,0,11
1823994,47,374,20878,674,1,10
1823994,47,374,20878,674,1,10
1824005,41,290,24068,590,0,11
1824005,41,290,24068,590,0,11
1824016,36,232,26620,532,1,11
1824016,36,232,26620,532,1,11
1824027,30,161,28391,461,0,11
1824027,30,161,28391,461,0,11
1824038,58,422,33033,722,1,11
1824038,58,422,33033,722,1,11
1824049,71,517,38720,817,0,11
1824049,71,517,38720,817,0,11
1824058,80,689,44921,989,0,9
1824058,80,689,44921,989,0,9
1824063,80,611,47976,911,1,5
1824063,80,611,47976,911,1,5
1824069,80,656,51912,956,0,6
1824069,80,656,51912,956,0,6
1824080,55,277,54959,577,1,11
1824080,55,277,54959,577,1,11
1824096,23,-37,54367,263,0,16
1824096,23,-37,54367,263,0,16
1824101,-18,-449,52122,-149,0,5
1824101,-18,-449,52122,-149,0,5
1824108,67,403,54943,703,1,7
1824108,67,403,54943,703,1,7
1824119,75,452,59915,752,0,11
1824119,75,452,59915,752,0,11
1824125,80,528,63083,828,0,6
1824125,80,528,63083,828,0,6
1824133,63,308,65547,608,1,8
1824133,63,308,65547,608,1,8
1824144,60,267,68484,567,0,11
1824144,60,267,68484,567,0,11
1824154,80,567,74154,867,1,10
1824154,80,567,74154,867,1,10
1824165,70,702,1,1002,0,11
1824165,70,702,1,1002,0,11
1824175,36,347,3471,647,1,10
1824175,36,347,3471,647,1,10
1824192,20,169,6344,469,0,17
1824192,20,169,6344,469,0,17
1824197,64,596,9324,896,1,5
1824197,64,596,9324,896,1,5
1824214,80,788,22720,1088,0,17
1824214,80,788,22720,1088,0,17
1824225,80,809,31619,1109,1,11
1824225,80,809,31619,1109,1,11
1824236,80,892,41431,1192,0,11
1824236,80,892,41431,1192,0,11
1824241,80,1013,46496,1313,0,5
1824241,80,1013,46496,1313,0,5
1824252,64,395,50841,695,1,11
1824252,64,395,50841,695,1,11
1824263,49,227,53338,527,0,11
1824263,49,227,53338,527,0,11
1824268,24,-18,53248,282,0,5
1824268,24,-18,53248,282,0,5
1824277,80,788,60340,1088,1,9
1824277,80,788,60340,1088,1,9
1824288,80,960,70900,1260,0,11
1824288,80,960,70900,1260,0,11
1824293,80,1211,76955,1511,0,5
1824293,80,1211,76955,1511,0,5
1824300,52,521,1,821,1,7
1824300,52,521,1,821,1,7
1824311,41,394,4335,694,0,11
1824311,41,394,4335,694,0,11
1824316,23,209,5380,509,0,5
1824316,23,209,5380,509,0,5
1824323,50,462,8614,762,1,7
1824323,50,462,8614,762,1,7
1824333,50,437,12984,737,0,10
1824333,50,437,12984,737,0,10
1824338,47,399,14979,699,0,5
1824338,47,399,14979,699,0,5
1824346,29,209,16651,509,1,8
1824346,29,209,16651,509,1,8
1824357,17,88,17619,388,0,11
1824357,17,88,17619,388,0,11
1824362,0,-88,17179,212,0,5
1824362,0,-88,17179,212,0,5
1824369,61,513,20770,813,1,7
1824369,61,513,20770,813,1,7
1824373,68,565,23030,865,0,4
1824373,68,565,23030,865,0,4
1824388,80,816,35270,1116,0,15
1824388,80,816,35270,1116,0,15
1824399,55,357,39197,657,1,11
1824399,55,357,39197,657,1,11
1824412,50,290,42967,590,0,13
1824412,50,290,42967,590,0,13
1824423,80,615,49732,915,1,11
1824423,80,615,49732,915,1,11
1824439,80,787,62324,1087,0,16
1824439,80,787,62324,1087,0,16
1824444,79,467,64659,767,1,5
1824444,79,467,64659,767,1,5
1824455,73,390,68949,690,0,11
1824455,73,390,68949,690,0,11
1824466,80,445,73844,745,1,11
1824466,80,445,73844,745,1,11
1824483,42,428,1,728,0,17
1824483,42,428,1,728,0,17
1824491,80,806,6449,1106,1,8
1824491,80,806,6449,1106,1,8
1824502,80,964,17053,1264,0,11
1824502,80,964,17053,1264,0,11
1824507,80,1195,23028,1495,0,5
1824507,80,1195,23028,1495,0,5
1824512,73,606,26058,906,1,5
1824512,73,606,26058,906,1,5
1824529,61,445,33623,745,0,17
1824529,61,445,33623,745,0,17
1824537,80,684,39095,984,1,8
1824537,80,684,39095,984,1,8
1824548,80,718,46993,1018,0,11
1824548,80,718,46993,1018,0,11
1824558,80,654,53533,954,1,10
1824558,80,654,53533,954,1,10
1824569,80,639,60562,939,0,11
1824569,80,639,60562,939,0,11
1824580,80,735,68647,1035,1,11
1824580,80,735,68647,1035,1,11
1824597,79,797,1,1097,0,17
1824597,79,797,1,1097,0,17
1824608,73,693,7624,993,1,11
1824608,73,693,7624,993,1,11
1824624,76,669,18328,969,0,16
1824624,76,669,18328,969,0,16
1824635,65,530,24158,830,1,11
1824635,65,530,24158,830,1,11
1824646,61,464,29262,764,0,11
1824646,61,464,29262,764,0,11
1824651,52,368,31102,668,0,5
1824651,52,368,31102,668,0,5
1824660,74,567,36205,867,1,9
1824660,74,567,36205,867,1,9
1824671,79,583,42618,883,0,11
1824671,79,583,42618,883,0,11
1824678,80,609,46881,909,0,7
1824678,80,609,46881,909,0,7
1824689,63,384,51105,684,1,11
1824689,63,384,51105,684,1,11
1824699,59,321,54315,621,0,10
1824699,59,321,54315,621,0,10
1824710,80,537,60222,837,1,11
1824710,80,537,60222,837,1,11
1824727,80,660,71442,960,0,17
1824727,80,660,71442,960,0,17
1824736,80,554,76428,854,1,9
1824736,80,554,76428,854,1,9
1824747,56,561,1,861,0,11
1824747,56,561,1,861,0,11
1824758,51,491,5402,791,1,11
1824758,51,491,5402,791,1,11
1824769,51,460,10462,760,0,11
1824769,51,460,10462,760,0,11
1824780,37,307,13839,607,1,11
1824780,37,307,13839,607,1,11
1824791,29,215,16204,515,0,11
1824791,29,215,16204,515,0,11
1824802,79,673,23607,973,1,11
1824802,79,673,23607,973,1,11
1824815,80,889,35164,1189,0,13
1824815,80,889,35164,1189,0,13
1824826,70,505,40719,805,1,11
1824826,70,505,40719,805,1,11
1824842,62,393,47007,693,0,16
1824842,62,393,47007,693,0,16
1824852,80,648,53487,948,1,10
1824852,80,648,53487,948,1,10
1824863,80,708,61275,1008,0,11
1824863,80,708,61275,1008,0,11
1824868,80,796,65255,1096,0,5
1824868,80,796,65255,1096,0,5
1824874,80,557,68597,857,1,6
1824874,80,557,68597,857,1,6
1824885,80,512,74229,812,0,11
1824885,80,512,74229,812,0,11
1824895,58,588,1,888,1,10
1824895,58,588,1,888,1,10
1824906,63,604,6645,904,0,11
1824906,63,604,6645,904,0,11
1824916,71,648,13125,948,1,10
1824916,71,648,13125,948,1,10
1824929,79,685,22030,985,0,13
1824929,79,685,22030,985,0,13
1824940,72,584,28454,884,1,11
1824940,72,584,28454,884,1,11
1824950,72,558,34034,858,0,10
1824950,72,558,34034,858,0,10
1824966,73,527,42466,827,1,16
1824966,73,527,42466,827,1,16
1824977,74,503,47999,803,0,11
1824977,74,503,47999,803,0,11
1824988,80,566,54225,866,1,11
1824988,80,566,54225,866,1,11
1824999,80,585,60660,885,0,11
1824999,80,585,60660,885,0,11
1825015,80,547,69412,847,1,16
1825015,80,547,69412,847,1,16
1825029,80,538,76944,838,0,14
1825029,80,538,76944,838,0,14
1825034,80,554,79714,854,1,5
1825034,80,554,79714,854,1,5
1825045,55,558,1,858,0,11
1825045,55,558,1,858,0,11
1825052,58,564,3949,864,0,7
1825052,58,564,3949,864,0,7
1825057,47,442,6159,742,1,5
1825057,47,442,6159,742,1,5
1825068,44,389,10438,689,0,11
1825068,44,389,10438,689,0,11
1825079,34,282,13540,582,0,11
1825079,34,282,13540,582,0,11
1825089,56,478,18320,778,1,10
1825089,56,478,18320,778,1,10
1825100,60,490,23710,790,0,11
1825100,60,490,23710,790,0,11
1825111,54,400,28110,700,1,11
1825111,54,400,28110,700,1,11
1825122,52,361,32081,661,0,11
1825122,52,361,32081,661,0,11
1825133,59,411,36602,711,1,11
1825133,59,411,36602,711,1,11
1825144,62,416,41178,716,0,11
1825144,62,416,41178,716,0,11
1825155,63,408,45666,708,1,11
1825155,63,408,45666,708,1,11
1825168,66,407,50957,707,0,13
1825168,66,407,50957,707,0,13
1825179,68,409,55456,709,1,11
1825179,68,409,55456,709,1,11
1825195,71,409,62000,709,0,16
1825195,71,409,62000,709,0,16
1825205,72,392,65920,692,1,10
1825205,72,392,65920,692,1,10
1825216,73,385,70155,685,0,11
1825216,73,385,70155,685,0,11
1825226,73,364,73795,664,1,10
1825226,73,364,73795,664,1,10
1825237,73,350,77645,650,0,11
1825237,73,350,77645,650,0,11
1825248,38,381,1,681,1,11
1825248,38,381,1,681,1,11
1825265,42,394,6699,694,0,17
1825265,42,394,6699,694,0,17
1825276,47,414,11253,714,1,11
1825276,47,414,11253,714,1,11
1825292,52,432,18165,732,0,16
1825292,52,432,18165,732,0,16
1825303,44,332,21817,632,1,11
1825303,44,332,21817,632,1,11
1825317,41,290,25877,590,0,14
1825317,41,290,25877,590,0,14
1825322,44,311,27432,611,1,5
1825322,44,311,27432,611,1,5
1825333,45,299,30721,599,0,11
1825333,45,299,30721,599,0,11
1825340,44,280,32681,580,0,7
1825340,44,280,32681,580,0,7
1825345,49,327,34316,627,1,5
1825345,49,327,34316,627,1,5
1825356,52,334,37990,634,0,11
1825356,52,334,37990,634,0,11
1825365,55,347,41113,647,0,9
1825365,55,347,41113,647,0,9
1825367,53,325,41763,625,1,2
1825367,53,325,41763,625,1,2
1825383,55,324,46947,624,0,16
1825383,55,324,46947,624,0,16
1825389,58,342,48999,642,1,6
1825389,58,342,48999,642,1,6
1825400,61,350,52849,650,0,11
1825400,61,350,52849,650,0,11
1825405,63,362,54659,662,0,5
1825405,63,362,54659,662,0,5
1825413,62,335,57339,635,1,8
1825413,62,335,57339,635,1,8
1825424,63,332,60991,632,0,11
1825424,63,332,60991,632,0,11
1825429,64,328,62631,628,0,5
1825429,64,328,62631,628,0,5
1825436,63,312,64815,612,1,7
1825436,63,312,64815,612,1,7
1825447,64,301,68126,601,0,11
1825447,64,301,68126,601,0,11
1825452,63,285,69551,585,0,5
1825452,63,285,69551,585,0,5
1825463,67,307,72928,607,1,11
1825463,67,307,72928,607,1,11
1825474,68,305,76283,605,0,11
1825474,68,305,76283,605,0,11
1825485,71,314,79737,614,1,11
1825485,71,314,79737,614,1,11
1825500,31,318,1,618,0,15
1825500,31,318,1,618,0,15
1825511,30,293,3224,593,1,11
1825511,30,293,3224,593,1,11
1825527,31,281,7720,581,0,16
1825527,31,281,7720,581,0,16
1825532,31,265,9045,565,0,5
1825532,31,265,9045,565,0,5
1825541,33,275,11520,575,1,9
1825541,33,275,11520,575,1,9
1825552,34,269,14479,569,0,11
1825552,34,269,14479,569,0,11
1825559,34,259,16292,559,0,7
1825559,34,259,16292,559,0,7
1825570,33,237,18899,537,1,11
1825570,33,237,18899,537,1,11
1825580,32,224,21139,524,0,10
1825580,32,224,21139,524,0,10
1825586,31,204,22363,504,0,6
1825586,31,204,22363,504,0,6
1825591,34,229,23508,529,1,5
1825591,34,229,23508,529,1,5
1825600,35,226,25542,526,0,9
1825600,35,226,25542,526,0,9
1825605,35,221,26647,521,0,5
1825605,35,221,26647,521,0,5
1825621,36,210,30007,510,1,16
1825621,36,210,30007,510,1,16
1825632,36,204,32251,504,0,11
1825632,36,204,32251,504,0,11
1825642,35,189,34141,489,1,10
1825642,35,189,34141,489,1,10
1825659,35,172,37065,472,0,17
1825659,35,172,37065,472,0,17
1825669,37,179,38855,479,1,10
1825669,37,179,38855,479,1,10
1825680,37,175,40780,475,0,11
1825680,37,175,40780,475,0,11
1825685,37,170,41630,470,0,5
1825685,37,170,41630,470,0,5
1825690,38,171,42485,471,1,5
1825690,38,171,42485,471,1,5
1825701,38,167,44322,467,0,11
1825701,38,167,44322,467,0,11
1825708,38,161,45449,461,0,7
1825708,38,161,45449,461,0,7
1825713,40,174,46319,474,1,5
1825713,40,174,46319,474,1,5
1825728,41,175,48944,475,0,15
1825728,41,175,48944,475,0,15
1825739,39,139,50473,439,1,11
1825739,39,139,50473,439,1,11
1825750,38,125,51848,425,0,11
1825750,38,125,51848,425,0,11
1825761,43,162,53630,462,1,11
1825761,43,162,53630,462,1,11
1825772,45,173,55533,473,0,11
1825772,45,173,55533,473,0,11
1825777,47,189,56478,489,0,5
1825777,47,189,56478,489,0,5
1825793,43,143,58766,443,1,16
1825793,43,143,58766,443,1,16
1825799,43,140,59606,440,0,6
1825799,43,140,59606,440,0,6
1825804,43,134,60276,434,0,5
1825804,43,134,60276,434,0,5
1825815,45,146,61882,446,1,11
1825815,45,146,61882,446,1,11
1825826,46,147,63499,447,0,11
1825826,46,147,63499,447,0,11
1825832,47,149,64393,449,0,6
1825832,47,149,64393,449,0,6
1825842,45,123,65623,423,1,10
1825842,45,123,65623,423,1,10
1825853,44,114,66877,414,0,11
1825853,44,114,66877,414,0,11
1825863,44,109,67967,409,1,10
1825863,44,109,67967,409,1,10
1825874,44,102,69089,402,0,11
1825874,44,102,69089,402,0,11
1825880,43,91,69635,391,0,6
1825880,43,91,69635,391,0,6
1825888,47,126,70643,426,1,8
1825888,47,126,70643,426,1,8
1825899,49,133,72106,433,0,11
1825899,49,133,72106,433,0,11
1825904,50,143,72821,443,0,5
1825904,50,143,72821,443,0,5
1825911,49,122,73675,422,1,7
1825911,49,122,73675,422,1,7
1825922,49,121,75006,421,0,11
1825922,49,121,75006,421,0,11
1825938,48,101,76622,401,1,16
1825938,48,101,76622,401,1,16
1825952,48,91,77896,391,0,14
1825952,48,91,77896,391,0,14
1825957,48,89,78341,389,1,5
1825957,48,89,78341,389,1,5
1825968,47,83,79254,383,0,11
1825968,47,83,79254,383,0,11
1825975,47,72,79758,372,0,7
1825975,47,72,79758,372,0,7
1825980,7,78,1,378,1,5
1825980,7,78,1,378,1,5
1825991,7,73,804,373,0,11
1825991,7,73,804,373,0,11
1826002,7,63,1497,363,0,11
1826002,7,63,1497,363,0,11
1826013,9,84,2421,384,1,11
1826013,9,84,2421,384,1,11
1826024,10,86,3367,386,0,11
1826024,10,86,3367,386,0,11
1826035,11,90,4357,390,0,11
1826035,11,90,4357,390,0,11
1826040,9,68,4697,368,1,5
1826040,9,68,4697,368,1,5
1826054,8,60,5537,360,0,14
1826054,8,60,5537,360,0,14
1826065,6,40,5977,340,1,11
1826065,6,40,5977,340,1,11
1826081,5,23,6345,323,0,16
1826081,5,23,6345,323,0,16
1826091,5,26,6605,326,1,10
1826091,5,26,6605,326,1,10
1826102,5,21,6836,321,0,11
1826102,5,21,6836,321,0,11
1826109,4,12,6920,312,0,7
1826109,4,12,6920,312,0,7
1826120,7,37,7327,337,1,11
1826120,7,37,7327,337,1,11
1826130,7,40,7727,340,0,10
1826130,7,40,7727,340,0,10
1826141,5,15,7892,315,1,11
1826141,5,15,7892,315,1,11
1826158,3,-2,7858,298,0,17
1826158,3,-2,7858,298,0,17
1826166,4,10,7938,310,1,8
1826166,4,10,7938,310,1,8
1826177,4,8,8026,308,0,11
1826177,4,8,8026,308,0,11
1826182,4,5,8051,305,0,5
1826182,4,5,8051,305,0,5
1826189,4,6,8093,306,1,7
1826189,4,6,8093,306,1,7
1826205,4,4,8157,304,0,16
1826205,4,4,8157,304,0,16
1826216,4,1,8168,301,1,11
1826216,4,1,8168,301,1,11
1826230,3,-1,8154,299,0,14
1826230,3,-1,8154,299,0,14
1826235,3,-6,8124,294,1,5
1826235,3,-6,8124,294,1,5
1826246,3,-10,8014,290,0,11
1826246,3,-10,8014,290,0,11
1826253,2,-16,7902,284,0,7
1826253,2,-16,7902,284,0,7
1826258,4,9,7947,309,1,5
1826258,4,9,7947,309,1,5
1826269,5,16,8123,316,0,11
1826269,5,16,8123,316,0,11
1826280,7,30,8453,330,0,11
1826280,7,30,8453,330,0,11
1826291,2,-16,8277,284,1,11
1826291,2,-16,8277,284,1,11
1826302,1,-24,8013,276,0,11
1826302,1,-24,8013,276,0,11
1826307,0,-36,7833,264,0,5
1826307,0,-36,7833,264,0,5
1826313,-1,-52,7521,248,0,6
1826313,-1,-52,7521,248,0,6
1826314,2,-8,7513,292,1,1
1826314,2,-8,7513,292,1,1
1826325,3,-5,7458,295,0,11
1826325,3,-5,7458,295,0,11
1826336,1,-23,7205,277,1,11
1826336,1,-23,7205,277,1,11
1826349,0,-31,6802,269,0,13
1826349,0,-31,6802,269,0,13
1826360,4,10,6912,310,1,11
1826360,4,10,6912,310,1,11
1826365,5,16,6992,316,0,5
1826365,5,16,6992,316,0,5
1826376,7,38,7410,338,0,11
1826376,7,38,7410,338,0,11
1826387,2,-10,7300,290,1,11
1826387,2,-10,7300,290,1,11
1826398,1,-18,7102,282,0,11
1826398,1,-18,7102,282,0,11
1826409,2,-10,6992,290,1,11
1826409,2,-10,6992,290,1,11
1826425,2,-10,6832,290,0,16
1826425,2,-10,6832,290,0,16
1826434,2,-8,6760,292,1,9
1826434,2,-8,6760,292,1,9
1826445,2,-8,6672,292,0,11
1826445,2,-8,6672,292,0,11
1826456,1,-21,6441,279,1,11
1826456,1,-21,6441,279,1,11
1826467,0,-27,6144,273,0,11
1826467,0,-27,6144,273,0,11
1826481,4,9,6270,309,1,14
1826481,4,9,6270,309,1,14
1826485,4,13,6322,313,0,4
1826485,4,13,6322,313,0,4
1826499,6,34,6798,334,0,14
1826499,6,34,6798,334,0,14
1826504,4,6,6828,306,1,5
1826504,4,6,6828,306,1,5
1826515,3,5,6883,305,0,11
1826515,3,5,6883,305,0,11
1826520,3,3,6898,303,0,5
1826520,3,3,6898,303,0,5
1826529,3,3,6925,303,1,9
1826529,3,3,6925,303,1,9
1826540,3,2,6947,302,0,11
1826540,3,2,6947,302,0,11
1826546,3,0,6947,300,0,6
1826546,3,0,6947,300,0,6
1826551,3,1,6952,301,1,5
1826551,3,1,6952,301,1,5
1826562,3,0,6952,300,0,11
1826562,3,0,6952,300,0,11
1826573,3,-2,6930,298,0,11
1826573,3,-2,6930,298,0,11
1826584,2,-13,6787,287,1,11
1826584,2,-13,6787,287,1,11
1826598,1,-18,6535,282,0,14
1826598,1,-18,6535,282,0,14
1826609,2,-10,6425,290,1,11
1826609,2,-10,6425,290,1,11
1826625,2,-9,6281,291,0,16
1826625,2,-9,6281,291,0,16
1826631,2,-9,6227,291,1,6
1826631,2,-9,6227,291,1,6
1826641,2,-9,6137,291,0,10
1826641,2,-9,6137,291,0,10
1826652,2,-8,6049,292,1,11
1826652,2,-8,6049,292,1,11
1826669,2,-8,5913,292,0,17
1826669,2,-8,5913,292,0,17
1826678,1,-13,5796,287,1,9
1826678,1,-13,5796,287,1,9
1826689,1,-15,5631,285,0,11
1826689,1,-15,5631,285,0,11
1826696,0,-18,5505,282,0,7
1826696,0,-18,5505,282,0,7
1826707,3,4,5549,304,1,11
1826707,3,4,5549,304,1,11
1826712,3,6,5579,306,0,5
1826712,3,6,5579,306,0,5
1826723,4,15,5744,315,0,11
1826723,4,15,5744,315,0,11
1826737,2,-2,5716,298,1,14
1826737,2,-2,5716,298,1,14
1826748,2,-4,5672,296,0,11
1826748,2,-4,5672,296,0,11
1826759,2,-4,5628,296,1,11
1826759,2,-4,5628,296,1,11
1826770,2,-5,5573,295,0,11
1826770,2,-5,5573,295,0,11
1826776,2,-6,5537,294,0,6
1826776,2,-6,5537,294,0,6
1826787,2,-5,5482,295,1,11
1826787,2,-5,5482,295,1,11
1826798,2,-5,5427,295,0,11
1826798,2,-5,5427,295,0,11
1826803,2,-5,5402,295,1,5
1826803,2,-5,5402,295,1,5
1826817,2,-5,5332,295,0,14
1826817,2,-5,5332,295,0,14
1826828,3,8,5420,308,1,11
1826828,3,8,5420,308,1,11
1826844,4,16,5676,316,0,16
1826844,4,16,5676,316,0,16
1826854,2,-2,5656,298,1,10
1826854,2,-2,5656,298,1,10
1826865,2,-6,5590,294,0,11
1826865,2,-6,5590,294,0,11
1826872,1,-12,5506,288,0,7
1826872,1,-12,5506,288,0,7
1826883,1,-16,5330,284,1,11
1826883,1,-16,5330,284,1,11
1826893,0,-20,5130,280,0,10
1826893,0,-20,5130,280,0,10
1826910,2,-1,5113,299,1,17
1826910,2,-1,5113,299,1,17
1826915,2,1,5118,301,0,5
1826915,2,1,5118,301,0,5
1826929,1,-9,4992,291,1,14
1826929,1,-9,4992,291,1,14
1826940,1,-13,4849,287,0,11
1826940,1,-13,4849,287,0,11
1826945,0,-19,4754,281,0,5
1826945,0,-19,4754,281,0,5
1826955,1,-10,4654,290,1,10
1826955,1,-10,4654,290,1,10
1826959,1,-10,4614,290,0,4
1826959,1,-10,4614,290,0,4
1826971,1,-10,4494,290,0,12
1826971,1,-10,4494,290,0,12
1826976,3,8,4534,308,1,5
1826976,3,8,4534,308,1,5
1826993,4,22,4908,322,0,17
1826993,4,22,4908,322,0,17
1826998,2,-1,4903,299,1,5
1826998,2,-1,4903,299,1,5
1827014,0,-30,4423,270,1,16
1827014,0,-30,4423,270,1,16
1827031,-4,-60,3403,240,0,17
1827031,-4,-60,3403,240,0,17
1827036,-8,-99,2908,201,0,5
1827036,-8,-99,2908,201,0,5
1827046,0,-7,2838,293,1,10
1827046,0,-7,2838,293,1,10
1827057,1,0,2838,300,0,11
1827057,1,0,2838,300,0,11
1827059,2,9,2856,309,0,2
1827059,2,9,2856,309,0,2
1827070,2,7,2933,307,1,11
1827070,2,7,2933,307,1,11
1827081,2,13,3076,313,0,11
1827081,2,13,3076,313,0,11
1827086,3,22,3186,322,0,5
1827086,3,22,3186,322,0,5
1827096,1,-1,3176,299,1,10
1827096,1,-1,3176,299,1,10
1827107,1,-4,3132,296,0,11
1827107,1,-4,3132,296,0,11
1827112,0,-8,3092,292,0,5
1827112,0,-8,3092,292,0,5
1827117,1,4,3112,304,1,5
1827117,1,4,3112,304,1,5
1827126,2,6,3166,306,0,9
1827126,2,6,3166,306,0,9
1827137,2,10,3276,310,0,11
1827137,2,10,3276,310,0,11
1827148,2,10,3386,310,1,11
1827148,2,10,3386,310,1,11
1827171,3,14,3708,314,0,23
1827171,3,14,3708,314,0,23
1827176,0,-17,3623,283,1,5
1827176,0,-17,3623,283,1,5
1827191,-1,-31,3158,269,0,15
1827191,-1,-31,3158,269,0,15
1827192,-3,-46,3112,254,0,1
1827192,-3,-46,3112,254,0,1
1827203,1,-1,3101,299,1,11
1827203,1,-1,3101,299,1,11
1827214,2,5,3156,305,0,11
1827214,2,5,3156,305,0,11
1827225,3,18,3354,318,0,11
1827225,3,18,3354,318,0,11
1827234,0,-15,3219,285,1,9
1827234,0,-15,3219,285,1,9
1827245,0,-19,3010,281,0,11
1827245,0,-19,3010,281,0,11
1827246,0,-24,2986,276,0,1
1827246,0,-24,2986,276,0,1
1827251,-1,-31,2831,269,0,5
1827251,-1,-31,2831,269,0,5
1827252,-2,-39,2792,261,0,1
1827252,-2,-39,2792,261,0,1
1827266,0,-7,2694,293,1,14
1827266,0,-7,2694,293,1,14
1827277,0,-5,2639,295,0,11
1827277,0,-5,2639,295,0,11
1827278,1,-2,2637,298,0,1
1827278,1,-2,2637,298,0,1
1827283,1,2,2647,302,0,5
1827283,1,2,2647,302,0,5
1827294,1,-2,2625,298,1,11
1827294,1,-2,2625,298,1,11
1827310,1,0,2625,300,0,16
1827310,1,0,2625,300,0,16
1827327,1,2,2659,302,1,17
1827327,1,2,2659,302,1,17
1827338,1,3,2692,303,0,11
1827338,1,3,2692,303,0,11
1827348,-1,-29,2402,271,1,10
1827348,-1,-29,2402,271,1,10
1827357,-3,-42,2024,258,0,9
1827357,-3,-42,2024,258,0,9
1827364,-5,-65,1569,235,0,7
1827364,-5,-65,1569,235,0,7
1827375,0,-13,1426,287,1,11
1827375,0,-13,1426,287,1,11
1827389,0,-5,1356,295,0,14
1827389,0,-5,1356,295,0,14
1827390,0,3,1359,303,0,1
1827390,0,3,1359,303,0,1
1827392,1,13,1385,313,0,2
1827392,1,13,1385,313,0,2
1827393,3,23,1408,323,0,1
1827393,3,23,1408,323,0,1
1827407,0,-12,1240,288,1,14
1827407,0,-12,1240,288,1,14
1827418,0,-12,1108,288,0,11
1827418,0,-12,1108,288,0,11
1827419,0,-12,1096,288,0,1
1827419,0,-12,1096,288,0,1
1827421,0,-12,1072,288,0,2
1827421,0,-12,1072,288,0,2
1827423,0,-12,1048,288,0,2
1827423,0,-12,1048,288,0,2
1827425,0,-12,1024,288,0,2
1827425,0,-12,1024,288,0,2
1827426,0,-10,1014,290,1,1
1827426,0,-10,1014,290,1,1
1827433,0,-10,944,290,0,7
1827433,0,-10,944,290,0,7
1827435,0,-10,924,290,0,2
1827435,0,-10,924,290,0,2
1827436,0,-9,915,291,0,1
1827436,0,-9,915,291,0,1
1827439,0,-8,891,292,0,3
1827439,0,-8,891,292,0,3
1827440,0,-7,884,293,0,1
1827440,0,-7,884,293,0,1
1827442,0,-6,872,294,0,2
1827442,0,-6,872,294,0,2
1827443,0,-5,867,295,0,1
1827443,0,-5,867,295,0,1
1827448,0,-3,852,297,0,5
1827448,0,-3,852,297,0,5
1827449,0,1,853,301,1,1
1827449,0,1,853,301,1,1
1827455,0,3,871,303,0,6
1827455,0,3,871,303,0,6
1827456,1,6,877,306,0,1
1827456,1,6,877,306,0,1
1827458,1,10,897,310,0,2
1827458,1,10,897,310,0,2
1827469,1,6,963,306,1,11
1827469,1,6,963,306,1,11
1827485,1,10,1123,310,0,16
1827485,1,10,1123,310,0,16
1827491,2,15,1213,315,0,6
1827491,2,15,1213,315,0,6
1827496,0,-5,1188,295,1,5
1827496,0,-5,1188,295,1,5
1827507,0,-9,1089,291,0,11
1827507,0,-9,1089,291,0,11
1827509,0,-14,1061,286,0,2
1827509,0,-14,1061,286,0,2
1827510,-1,-19,1042,281,0,1
1827510,-1,-19,1042,281,0,1
1827512,-2,-25,992,275,0,2
1827512,-2,-25,992,275,0,2
1827523,-1,-17,805,283,1,11
1827523,-1,-17,805,283,1,11
1827528,-1,-19,710,281,0,5
1827528,-1,-19,710,281,0,5
1827534,-2,-23,572,277,0,6
1827534,-2,-23,572,277,0,6
1827545,0,6,638,306,1,11
1827545,0,6,638,306,1,11
1827556,2,17,825,317,0,11
1827556,2,17,825,317,0,11
1827557,3,29,854,329,0,1
1827557,3,29,854,329,0,1
1827571,2,21,1148,321,1,14
1827571,2,21,1148,321,1,14
1827582,3,27,1445,327,0,11
1827582,3,27,1445,327,0,11
1827593,0,1,1456,301,1,11
1827593,0,1,1456,301,1,11
1827604,0,-9,1357,291,0,11
1827604,0,-9,1357,291,0,11
1827605,-1,-19,1338,281,0,1
1827605,-1,-19,1338,281,0,1
1827607,-2,-31,1276,269,0,2
1827607,-2,-31,1276,269,0,2
1827621,0,-8,1164,292,1,14
1827621,0,-8,1164,292,1,14
1827632,0,-11,1043,289,0,11
1827632,0,-11,1043,289,0,11
1827637,-1,-16,963,284,0,5
1827637,-1,-16,963,284,0,5
1827639,-1,-21,921,279,0,2
1827639,-1,-21,921,279,0,2
1827651,0,3,957,303,1,12
1827651,0,3,957,303,1,12
1827656,0,4,977,304,0,5
1827656,0,4,977,304,0,5
1827659,1,6,995,306,0,3
1827659,1,6,995,306,0,3
1827660,1,9,1004,309,0,1
1827660,1,9,1004,309,0,1
1827671,0,-9,905,291,1,11
1827671,0,-9,905,291,1,11
1827683,-1,-16,713,284,0,12
1827683,-1,-16,713,284,0,12
1827684,-1,-23,690,277,0,1
1827684,-1,-23,690,277,0,1
1827695,0,-7,613,293,1,11
1827695,0,-7,613,293,1,11
1827715,0,-6,493,294,0,20
1827715,0,-6,493,294,0,20
1827716,0,-5,488,295,0,1
1827716,0,-5,488,295,0,1
1827718,0,-4,480,296,0,2
1827718,0,-4,480,296,0,2
1827719,0,-7,473,293,1,1
1827719,0,-7,473,293,1,1
1827725,0,-7,431,293,0,6
1827725,0,-7,431,293,0,6
1827726,0,-7,424,293,0,1
1827726,0,-7,424,293,0,1
1827728,0,-7,410,293,0,2
1827728,0,-7,410,293,0,2
1827732,0,-7,382,293,0,4
1827732,0,-7,382,293,0,4
1827734,0,-7,368,293,0,2
1827734,0,-7,368,293,0,2
1827735,0,-7,361,293,0,1
1827735,0,-7,361,293,0,1
1827738,0,-7,340,293,0,3
1827738,0,-7,340,293,0,3
1827739,-1,-15,325,285,1,1
1827739,-1,-15,325,285,1,1
1827744,-1,-17,240,283,0,5
1827744,-1,-17,240,283,0,5
1827754,-2,-23,10,277,0,10
1827754,-2,-23,10,277,0,10
1827765,1,11,131,311,1,11
1827765,1,11,131,311,1,11
1827776,2,22,373,322,0,11
1827776,2,22,373,322,0,11
1827782,4,39,607,339,0,6
1827782,4,39,607,339,0,6
1827790,3,30,847,330,1,8
1827790,3,30,847,330,1,8
1827801,4,38,1265,338,0,11
1827801,4,38,1265,338,0,11
1827811,0,-2,1245,298,1,10
1827811,0,-2,1245,298,1,10
1827822,-1,-18,1047,282,0,11
1827822,-1,-18,1047,282,0,11
1827823,-3,-36,1011,264,0,1
1827823,-3,-36,1011,264,0,1
1827839,-1,-21,675,279,1,16
1827839,-1,-21,675,279,1,16
1827850,-2,-28,367,272,0,11
1827850,-2,-28,367,272,0,11
1827856,-3,-39,133,261,0,6
1827856,-3,-39,133,261,0,6
1827867,0,3,166,303,1,11
1827867,0,3,166,303,1,11
1827883,1,16,422,316,0,16
1827883,1,16,422,316,0,16
1827885,3,31,484,331,0,2
1827885,3,31,484,331,0,2
1827896,-1,-17,297,283,1,11
1827896,-1,-17,297,283,1,11
1827907,-2,-24,33,276,0,11
1827907,-2,-24,33,276,0,11
1827918,0,-4,-11,296,1,11
1827918,0,-4,-11,296,1,11
1827935,0,6,91,306,0,17
1827935,0,6,91,306,0,17
1827939,1,18,163,318,0,4
1827939,1,18,163,318,0,4
1827941,1,18,199,318,1,2
1827941,1,18,199,318,1,2
1827957,3,33,727,333,0,16
1827957,3,33,727,333,0,16
1827968,2,19,936,319,1,11
1827968,2,19,936,319,1,11
1827978,2,19,1126,319,0,10
1827978,2,19,1126,319,0,10
1827989,1,7,1203,307,1,11
1827989,1,7,1203,307,1,11
1828005,0,-2,1171,298,0,16
1828005,0,-2,1171,298,0,16
1828014,1,11,1270,311,1,9
1828014,1,11,1270,311,1,9
1828018,1,11,1314,311,0,4
1828018,1,11,1314,311,0,4
1828030,2,13,1470,313,0,12
1828030,2,13,1470,313,0,12
1828035,2,17,1555,317,1,5
1828035,2,17,1555,317,1,5
1828046,2,20,1775,320,0,11
1828046,2,20,1775,320,0,11
1828053,3,25,1950,325,0,7
1828053,3,25,1950,325,0,7
1828058,1,7,1985,307,1,5
1828058,1,7,1985,307,1,5
1828069,1,3,2018,303,0,11
1828069,1,3,2018,303,0,11
1828080,0,-6,1952,294,0,11
1828080,0,-6,1952,294,0,11
1828091,0,-2,1930,298,1,11
1828091,0,-2,1930,298,1,11
1828099,0,-4,1898,296,0,8
1828099,0,-4,1898,296,0,8
1828101,0,-6,1886,294,0,2
1828101,0,-6,1886,294,0,2
1828102,0,-9,1877,291,0,1
1828102,0,-9,1877,291,0,1
1828104,0,-12,1853,288,0,2
1828104,0,-12,1853,288,0,2
1828106,0,-16,1821,284,0,2
1828106,0,-16,1821,284,0,2
1828108,-1,-20,1781,280,0,2
1828108,-1,-20,1781,280,0,2
1828110,-1,-25,1731,275,0,2
1828110,-1,-25,1731,275,0,2
1828121,0,-1,1720,299,1,11
1828121,0,-1,1720,299,1,11
1828126,0,-1,1715,299,0,5
1828126,0,-1,1715,299,0,5
1828129,0,-1,1712,299,0,3
1828129,0,-1,1712,299,0,3
1828130,0,-1,1711,299,0,1
1828130,0,-1,1711,299,0,1
1828132,0,-1,1709,299,0,2
1828132,0,-1,1709,299,0,2
1828133,0,-1,1708,299,0,1
1828133,0,-1,1708,299,0,1
1828138,0,-1,1703,299,0,5
1828138,0,-1,1703,299,0,5
1828139,0,-1,1702,299,0,1
1828139,0,-1,1702,299,0,1
1828141,1,7,1716,307,1,2
1828141,1,7,1716,307,1,2
1828146,1,9,1761,309,0,5
1828146,1,9,1761,309,0,5
1828157,2,15,1926,315,0,11
1828157,2,15,1926,315,0,11
1828169,2,17,2130,317,1,12
1828169,2,17,2130,317,1,12
1828180,3,20,2350,320,0,11
1828180,3,20,2350,320,0,11
1828185,3,25,2475,325,0,5
1828185,3,25,2475,325,0,5
1828196,0,-8,2387,292,1,11
1828196,0,-8,2387,292,1,11
1828207,0,-18,2189,282,0,11
1828207,0,-18,2189,282,0,11
1828208,-1,-29,2160,271,0,1
1828208,-1,-29,2160,271,0,1
1828210,-3,-41,2078,259,0,2
1828210,-3,-41,2078,259,0,2
1828221,1,6,2144,306,1,11
1828221,1,6,2144,306,1,11
1828231,2,11,2254,311,0,10
1828231,2,11,2254,311,0,10
1828237,3,19,2368,319,0,6
1828237,3,19,2368,319,0,6
1828242,3,18,2458,318,1,5
1828242,3,18,2458,318,1,5
1828253,3,24,2722,324,0,11
1828253,3,24,2722,324,0,11
1828259,4,33,2920,333,0,6
1828259,4,33,2920,333,0,6
1828266,0,-6,2878,294,1,7
1828266,0,-6,2878,294,1,7
1828277,0,-17,2691,283,0,11
1828277,0,-17,2691,283,0,11
1828278,-1,-29,2662,271,0,1
1828278,-1,-29,2662,271,0,1
1828280,-3,-43,2576,257,0,2
1828280,-3,-43,2576,257,0,2
1828291,0,-15,2411,285,1,11
1828291,0,-15,2411,285,1,11
1828305,0,-20,2131,280,0,14
1828305,0,-20,2131,280,0,14
1828306,-1,-25,2106,275,0,1
1828306,-1,-25,2106,275,0,1
1828308,-2,-31,2044,269,0,2
1828308,-2,-31,2044,269,0,2
1828322,0,-6,1960,294,1,14
1828322,0,-6,1960,294,1,14
1828333,0,-3,1927,297,0,11
1828333,0,-3,1927,297,0,11
1828334,0,0,1927,300,0,1
1828334,0,0,1927,300,0,1
1828337,1,4,1939,304,0,3
1828337,1,4,1939,304,0,3
1828338,1,8,1947,308,0,1
1828338,1,8,1947,308,0,1
1828349,0,0,1947,300,1,11
1828349,0,0,1947,300,1,11
1828360,1,2,1969,302,0,11
1828360,1,2,1969,302,0,11
1828362,1,4,1977,304,0,2
1828362,1,4,1977,304,0,2
1828373,-1,-22,1735,278,1,11
1828373,-1,-22,1735,278,1,11
1828378,-1,-26,1605,274,0,5
1828378,-1,-26,1605,274,0,5
1828389,-3,-40,1165,260,0,11
1828389,-3,-40,1165,260,0,11
1828400,0,-9,1066,291,1,11
1828400,0,-9,1066,291,1,11
1828416,0,-2,1034,298,0,16
1828416,0,-2,1034,298,0,16
1828421,1,8,1074,308,0,5
1828421,1,8,1074,308,0,5
1828422,0,-11,1063,289,1,1
1828422,0,-11,1063,289,1,1
1828433,0,-12,931,288,0,11
1828433,0,-12,931,288,0,11
1828440,0,-13,840,287,0,7
1828440,0,-13,840,287,0,7
1828441,0,-14,826,286,0,1
1828441,0,-14,826,286,0,1
1828443,-1,-16,794,284,1,2
1828443,-1,-16,794,284,1,2
1828451,-1,-17,658,283,0,8
1828451,-1,-17,658,283,0,8
1828464,-2,-22,372,278,0,13
1828464,-2,-22,372,278,0,13
1828469,-1,-17,287,283,1,5
1828469,-1,-17,287,283,1,5
1828480,-1,-17,100,283,0,11
1828480,-1,-17,100,283,0,11
1828487,-1,-17,-19,283,0,7
1828487,-1,-17,-19,283,0,7
1828492,0,2,-9,302,1,5
1828492,0,2,-9,302,1,5
1828503,1,11,112,311,0,11
1828503,1,11,112,311,0,11
1828505,2,21,154,321,0,2
1828505,2,21,154,321,0,2
1828516,1,16,330,316,1,11
1828516,1,16,330,316,1,11
1828532,2,25,730,325,0,16
1828532,2,25,730,325,0,16
1828537,-2,-29,585,271,1,5
1828537,-2,-29,585,271,1,5
1828559,-8,-76,-1087,224,0,22
1828559,-8,-76,-1087,224,0,22
1828571,0,1,-1075,301,1,12
1828571,0,1,-1075,301,1,12
1828582,0,10,-965,310,0,11
1828582,0,10,-965,310,0,11
1828587,1,24,-845,324,0,5
1828587,1,24,-845,324,0,5
1828588,3,39,-806,339,0,1
1828588,3,39,-806,339,0,1
1828599,-1,-13,-949,287,1,11
1828599,-1,-13,-949,287,1,11
1828616,-2,-21,-1306,279,0,17
1828616,-2,-21,-1306,279,0,17
1828625,-1,-10,-1396,290,1,9
1828625,-1,-10,-1396,290,1,9
1828641,-1,-9,-1540,291,0,16
1828641,-1,-9,-1540,291,0,16
1828653,0,0,-1540,300,1,12
1828653,0,0,-1540,300,1,12
1828664,0,3,-1507,303,0,11
1828664,0,3,-1507,303,0,11
1828665,0,7,-1500,307,0,1
1828665,0,7,-1500,307,0,1
1828667,0,12,-1476,312,0,2
1828667,0,12,-1476,312,0,2
1828668,0,0,-1476,300,1,1
1828668,0,0,-1476,300,1,1
1828677,0,0,-1476,300,0,9
1828677,0,0,-1476,300,0,9
1828678,0,0,-1476,300,0,1
1828678,0,0,-1476,300,0,1
1828680,0,0,-1476,300,0,2
1828680,0,0,-1476,300,0,2
1828682,0,0,-1476,300,0,2
1828682,0,0,-1476,300,0,2
1828684,0,0,-1476,300,0,2
1828684,0,0,-1476,300,0,2
1828685,0,0,-1476,300,0,1
1828685,0,0,-1476,300,0,1
1828690,0,0,-1476,300,0,5
1828690,0,0,-1476,300,0,5
1828691,-3,-23,-1499,277,1,1
1828691,-3,-23,-1499,277,1,1
1828696,-3,-28,-1639,272,0,5
1828696,-3,-28,-1639,272,0,5
1828707,-5,-44,-2123,256,0,11
1828707,-5,-44,-2123,256,0,11
1828713,-3,-21,-2249,279,1,6
1828713,-3,-21,-2249,279,1,6
1828724,-3,-20,-2469,280,0,11
1828724,-3,-20,-2469,280,0,11
1828735,0,18,-2271,318,1,11
1828735,0,18,-2271,318,1,11
1828748,3,41,-1738,341,0,13
1828748,3,41,-1738,341,0,13
1828749,5,65,-1673,365,0,1
1828749,5,65,-1673,365,0,1
1828760,0,3,-1640,303,1,11
1828760,0,3,-1640,303,1,11
1828777,-1,-7,-1759,293,0,17
1828777,-1,-7,-1759,293,0,17
1828778,-2,-17,-1776,283,0,1
1828778,-2,-17,-1776,283,0,1
1828795,0,5,-1691,305,1,17
1828795,0,5,-1691,305,1,17
1828806,0,5,-1636,305,0,11
1828806,0,5,-1636,305,0,11
1828807,0,5,-1631,305,0,1
1828807,0,5,-1631,305,0,1
1828809,0,5,-1621,305,0,2
1828809,0,5,-1621,305,0,2
1828810,0,5,-1616,305,0,1
1828810,0,5,-1616,305,0,1
1828812,0,5,-1606,305,0,2
1828812,0,5,-1606,305,0,2
1828813,-2,-19,-1625,281,1,1
1828813,-2,-19,-1625,281,1,1
1828821,-3,-29,-1857,271,0,8
1828821,-3,-29,-1857,271,0,8
1828833,-6,-55,-2517,245,0,12
1828833,-6,-55,-2517,245,0,12
1828838,-3,-20,-2617,280,1,5
1828838,-3,-20,-2617,280,1,5
1828849,-3,-20,-2837,280,0,11
1828849,-3,-20,-2837,280,0,11
1828856,-3,-20,-2977,280,0,7
1828856,-3,-20,-2977,280,0,7
1828861,0,11,-2922,311,1,5
1828861,0,11,-2922,311,1,5
1828878,2,33,-2361,333,0,17
1828878,2,33,-2361,333,0,17
1828879,4,57,-2304,357,0,1
1828879,4,57,-2304,357,0,1
1828890,0,7,-2227,307,1,11
1828890,0,7,-2227,307,1,11
1828906,0,5,-2147,305,0,16
1828906,0,5,-2147,305,0,16
1828908,0,3,-2141,303,0,2
1828908,0,3,-2141,303,0,2
1828909,0,1,-2140,301,0,1
1828909,0,1,-2140,301,0,1
1828911,-1,-1,-2142,299,0,2
1828911,-1,-1,-2142,299,0,2
1828913,-1,-4,-2150,296,0,2
1828913,-1,-4,-2150,296,0,2
1828923,-4,-29,-2440,271,1,10
1828923,-4,-29,-2440,271,1,10
1828936,-5,-43,-2999,257,0,13
1828936,-5,-43,-2999,257,0,13
1828947,0,19,-2790,319,1,11
1828947,0,19,-2790,319,1,11
1828957,2,39,-2400,339,0,10
1828957,2,39,-2400,339,0,10
1828962,5,69,-2055,369,0,5
1828962,5,69,-2055,369,0,5
1828973,0,9,-1956,309,1,11
1828973,0,9,-1956,309,1,11
1828989,0,3,-1908,303,0,16
1828989,0,3,-1908,303,0,16
1828994,-1,-5,-1933,295,0,5
1828994,-1,-5,-1933,295,0,5
1828995,-2,-13,-1946,287,0,1
1828995,-2,-13,-1946,287,0,1
1829009,-2,-12,-2114,288,1,14
1829009,-2,-12,-2114,288,1,14
1829020,-2,-18,-2312,282,0,11
1829020,-2,-18,-2312,282,0,11
1829025,-3,-27,-2447,273,0,5
1829025,-3,-27,-2447,273,0,5
1829036,-1,-1,-2458,299,1,11
1829036,-1,-1,-2458,299,1,11
1829053,0,5,-2373,305,0,17
1829053,0,5,-2373,305,0,17
1829069,-1,-4,-2437,296,1,16
1829069,-1,-4,-2437,296,1,16
1829073,-1,-4,-2453,296,0,4
1829073,-1,-4,-2453,296,0,4
1829086,-1,-5,-2518,295,0,13
1829086,-1,-5,-2518,295,0,13
1829091,-2,-8,-2558,292,1,5
1829091,-2,-8,-2558,292,1,5
1829102,-2,-10,-2668,290,0,11
1829102,-2,-10,-2668,290,0,11
1829108,-2,-13,-2746,287,0,6
1829108,-2,-13,-2746,287,0,6
1829116,-1,-2,-2762,298,1,8
1829116,-1,-2,-2762,298,1,8
1829127,-1,0,-2762,300,0,11
1829127,-1,0,-2762,300,0,11
1829138,-1,0,-2762,300,1,11
1829138,-1,0,-2762,300,1,11
1829149,-1,1,-2751,301,0,11
1829149,-1,1,-2751,301,0,11
1829155,-1,2,-2739,302,0,6
1829155,-1,2,-2739,302,0,6
1829160,-1,1,-2734,301,1,5
1829160,-1,1,-2734,301,1,5
1829171,-1,1,-2723,301,0,11
1829171,-1,1,-2723,301,0,11
1829180,-1,1,-2714,301,0,9
1829180,-1,1,-2714,301,0,9
1829185,0,4,-2694,304,1,5
1829185,0,4,-2694,304,1,5
1829202,0,6,-2592,306,0,17
1829202,0,6,-2592,306,0,17
1829203,0,8,-2584,308,0,1
1829203,0,8,-2584,308,0,1
1829205,-2,-8,-2600,292,1,2
1829205,-2,-8,-2600,292,1,2
1829214,-2,-13,-2717,287,0,9
1829214,-2,-13,-2717,287,0,9
1829227,-4,-26,-3055,274,0,13
1829227,-4,-26,-3055,274,0,13
1829232,-2,-9,-3100,291,1,5
1829232,-2,-9,-3100,291,1,5
1829249,-2,-9,-3253,291,0,17
1829249,-2,-9,-3253,291,0,17
1829260,-2,-5,-3308,295,1,11
1829260,-2,-5,-3308,295,1,11
1829281,-1,-2,-3350,298,0,21
1829281,-1,-2,-3350,298,0,21
1829293,-2,-6,-3422,294,1,12
1829293,-2,-6,-3422,294,1,12
1829309,-2,-6,-3518,294,0,16
1829309,-2,-6,-3518,294,0,16
1829320,0,11,-3397,311,1,11
1829320,0,11,-3397,311,1,11
1829331,0,17,-3210,317,0,11
1829331,0,17,-3210,317,0,11
1829332,0,24,-3186,324,0,1
1829332,0,24,-3186,324,0,1
1829334,1,32,-3122,332,0,2
1829334,1,32,-3122,332,0,2
1829337,2,42,-2996,342,0,3
1829337,2,42,-2996,342,0,3
1829347,-1,1,-2986,301,1,10
1829347,-1,1,-2986,301,1,10
1829364,-2,-5,-3071,295,0,17
1829364,-2,-5,-3071,295,0,17
1829373,-3,-17,-3224,283,1,9
1829373,-3,-17,-3224,283,1,9
1829389,-4,-28,-3672,272,0,16
1829389,-4,-28,-3672,272,0,16
1829403,-1,4,-3616,304,1,14
1829403,-1,4,-3616,304,1,14
1829414,0,11,-3495,311,0,11
1829414,0,11,-3495,311,0,11
1829419,0,22,-3385,322,0,5
1829419,0,22,-3385,322,0,5
1829421,-2,-7,-3399,293,1,2
1829421,-2,-7,-3399,293,1,2
1829428,-2,-11,-3476,289,0,7
1829428,-2,-11,-3476,289,0,7
1829443,-4,-24,-3836,276,0,15
1829443,-4,-24,-3836,276,0,15
1829451,0,9,-3764,309,1,8
1829451,0,9,-3764,309,1,8
1829456,0,11,-3709,311,0,5
1829456,0,11,-3709,311,0,5
1829459,0,15,-3664,315,0,3
1829459,0,15,-3664,315,0,3
1829460,0,19,-3645,319,0,1
1829460,0,19,-3645,319,0,1
1829462,0,24,-3597,324,0,2
1829462,0,24,-3597,324,0,2
1829463,1,30,-3567,330,0,1
1829463,1,30,-3567,330,0,1
1829465,1,37,-3493,337,0,2
1829465,1,37,-3493,337,0,2
1829476,-2,-10,-3603,290,1,11
1829476,-2,-10,-3603,290,1,11
1829492,-4,-22,-3955,278,0,16
1829492,-4,-22,-3955,278,0,16
1829501,-2,-8,-4027,292,1,9
1829501,-2,-8,-4027,292,1,9
1829517,-2,-7,-4139,293,0,16
1829517,-2,-7,-4139,293,0,16
1829532,-1,3,-4094,303,1,15
1829532,-1,3,-4094,303,1,15
1829543,-1,6,-4028,306,0,11
1829543,-1,6,-4028,306,0,11
1829553,-1,6,-3968,306,1,10
1829553,-1,6,-3968,306,1,10
1829570,-1,8,-3832,308,0,17
1829570,-1,8,-3832,308,0,17
1829581,-4,-22,-4074,278,1,11
1829581,-4,-22,-4074,278,1,11
1829592,-5,-33,-4437,267,0,11
1829592,-5,-33,-4437,267,0,11
1829597,-7,-49,-4682,251,0,5
1829597,-7,-49,-4682,251,0,5
1829608,-4,-23,-4935,277,1,11
1829608,-4,-23,-4935,277,1,11
1829619,-4,-23,-5188,277,0,11
1829619,-4,-23,-5188,277,0,11
1829624,-4,-23,-5303,277,0,5
1829624,-4,-23,-5303,277,0,5
1829630,-2,-2,-5315,298,1,6
1829630,-2,-2,-5315,298,1,6
1829640,-1,7,-5245,307,0,10
1829640,-1,7,-5245,307,0,10
1829651,0,27,-4948,327,0,11
1829651,0,27,-4948,327,0,11
1829662,-4,-17,-5135,283,1,11
1829662,-4,-17,-5135,283,1,11
1829670,-4,-20,-5295,280,0,8
1829670,-4,-20,-5295,280,0,8
1829681,-4,-21,-5526,279,1,11
1829681,-4,-21,-5526,279,1,11
1829692,-5,-23,-5779,277,0,11
1829692,-5,-23,-5779,277,0,11
1829703,-3,-6,-5845,294,1,11
1829703,-3,-6,-5845,294,1,11
1829714,-2,1,-5834,301,0,11
1829714,-2,1,-5834,301,0,11
1829725,-2,4,-5790,304,1,11
1829725,-2,4,-5790,304,1,11
1829741,-1,11,-5614,311,0,16
1829741,-1,11,-5614,311,0,16
1829752,-1,10,-5504,310,1,11
1829752,-1,10,-5504,310,1,11
1829763,-1,12,-5372,312,0,11
1829763,-1,12,-5372,312,0,11
1829768,-1,15,-5297,315,0,5
1829768,-1,15,-5297,315,0,5
1829779,-3,-5,-5352,295,1,11
1829779,-3,-5,-5352,295,1,11
1829790,-3,-11,-5473,289,0,11
1829790,-3,-11,-5473,289,0,11
1829795,-4,-19,-5568,281,0,5
1829795,-4,-19,-5568,281,0,5
1829801,-1,9,-5514,309,1,6
1829801,-1,9,-5514,309,1,6
1829815,0,17,-5276,317,0,14
1829815,0,17,-5276,317,0,14
1829826,-4,-16,-5452,284,1,11
1829826,-4,-16,-5452,284,1,11
1829833,-5,-23,-5613,277,0,7
1829833,-5,-23,-5613,277,0,7
1829847,-7,-44,-6229,256,0,14
1829847,-7,-44,-6229,256,0,14
1829852,-4,-12,-6289,288,1,5
1829852,-4,-12,-6289,288,1,5
1829863,-4,-11,-6410,289,0,11
1829863,-4,-11,-6410,289,0,11
1829870,-4,-9,-6473,291,0,7
1829870,-4,-9,-6473,291,0,7
1829875,-3,-3,-6488,297,1,5
1829875,-3,-3,-6488,297,1,5
1829886,-3,1,-6477,301,0,11
1829886,-3,1,-6477,301,0,11
1829895,-2,8,-6405,308,0,9
1829895,-2,8,-6405,308,0,9
1829897,-3,-2,-6409,298,1,2
1829897,-3,-2,-6409,298,1,2
1829913,-3,-2,-6441,298,0,16
1829913,-3,-2,-6441,298,0,16
1829919,-4,-12,-6513,288,1,6
1829919,-4,-12,-6513,288,1,6
1829930,-5,-17,-6700,283,0,11
1829930,-5,-17,-6700,283,0,11
1829935,-5,-24,-6820,276,0,5
1829935,-5,-24,-6820,276,0,5
1829945,-6,-25,-7070,275,1,10
1829945,-6,-25,-7070,275,1,10
1829956,-6,-30,-7400,270,0,11
1829956,-6,-30,-7400,270,0,11
1829961,-7,-38,-7590,262,0,5
1829961,-7,-38,-7590,262,0,5
1829967,-2,9,-7536,309,1,6
1829967,-2,9,-7536,309,1,6
1829977,-1,24,-7296,324,0,10
1829977,-1,24,-7296,324,0,10
1829986,1,53,-6819,353,0,9
1829986,1,53,-6819,353,0,9
1829991,-4,-11,-6874,289,1,5
1829991,-4,-11,-6874,289,1,5
1830002,-5,-20,-7094,280,0,11
1830002,-5,-20,-7094,280,0,11
1830018,-4,-5,-7174,295,1,16
1830018,-4,-5,-7174,295,1,16
1830029,-3,-3,-7207,297,0,11
1830029,-3,-3,-7207,297,0,11
1830034,-3,0,-7207,300,0,5
1830034,-3,0,-7207,300,0,5
1830041,-4,-13,-7298,287,1,7
1830041,-4,-13,-7298,287,1,7
1830052,-5,-16,-7474,284,0,11
1830052,-5,-16,-7474,284,0,11
1830057,-5,-21,-7579,279,0,5
1830057,-5,-21,-7579,279,0,5
1830068,-5,-15,-7744,285,1,11
1830068,-5,-15,-7744,285,1,11
1830079,-5,-15,-7909,285,0,11
1830079,-5,-15,-7909,285,0,11
1830084,-5,-16,-7989,284,0,5
1830084,-5,-16,-7989,284,0,5
1830095,-4,-2,-8011,298,1,11
1830095,-4,-2,-8011,298,1,11
1830109,-3,4,-7955,304,0,14
1830109,-3,4,-7955,304,0,14
1830116,-5,-17,-8074,283,1,7
1830116,-5,-17,-8074,283,1,7
1830125,-6,-23,-8281,277,0,9
1830125,-6,-23,-8281,277,0,9
1830130,-7,-33,-8446,267,0,5
1830130,-7,-33,-8446,267,0,5
1830141,-3,3,-8413,303,1,11
1830141,-3,3,-8413,303,1,11
1830152,-3,11,-8292,311,0,11
1830152,-3,11,-8292,311,0,11
1830163,-2,12,-8160,312,1,11
1830163,-2,12,-8160,312,1,11
1830174,-2,16,-7984,316,0,11
1830174,-2,16,-7984,316,0,11
1830185,-3,4,-7940,304,1,11
1830185,-3,4,-7940,304,1,11
1830201,-4,-1,-7956,299,0,16
1830201,-4,-1,-7956,299,0,16
1830216,-3,8,-7836,308,1,15
1830216,-3,8,-7836,308,1,15
1830227,-2,9,-7737,309,0,11
1830227,-2,9,-7737,309,0,11
1830238,-3,1,-7726,301,1,11
1830238,-3,1,-7726,301,1,11
1830254,-4,-4,-7790,296,0,16
1830254,-4,-4,-7790,296,0,16
1830264,-3,1,-7780,301,1,10
1830264,-3,1,-7780,301,1,10
1830275,-3,1,-7769,301,0,11
1830275,-3,1,-7769,301,0,11
1830280,-3,1,-7764,301,0,5
1830280,-3,1,-7764,301,0,5
1830286,-4,-3,-7782,297,1,6
1830286,-4,-3,-7782,297,1,6
1830297,-4,-5,-7837,295,0,11
1830297,-4,-5,-7837,295,0,11
1830312,-4,-6,-7927,294,1,15
1830312,-4,-6,-7927,294,1,15
1830323,-4,-7,-8004,293,0,11
1830323,-4,-7,-8004,293,0,11
1830334,-5,-10,-8114,290,1,11
1830334,-5,-10,-8114,290,1,11
1830347,-5,-12,-8270,288,0,13
1830347,-5,-12,-8270,288,0,13
1830358,-4,-5,-8325,295,1,11
1830358,-4,-5,-8325,295,1,11
1830368,-4,-3,-8355,297,0,10
1830368,-4,-3,-8355,297,0,10
1830379,-3,8,-8267,308,1,11
1830379,-3,8,-8267,308,1,11
1830390,-2,14,-8113,314,0,11
1830390,-2,14,-8113,314,0,11
1830401,-5,-17,-8300,283,1,11
1830401,-5,-17,-8300,283,1,11
1830412,-7,-29,-8619,271,0,11
1830412,-7,-29,-8619,271,0,11
1830417,-9,-47,-8854,253,0,5
1830417,-9,-47,-8854,253,0,5
1830423,-3,6,-8818,306,1,6
1830423,-3,6,-8818,306,1,6
1830433,-2,16,-8658,316,0,10
1830433,-2,16,-8658,316,0,10
1830444,0,37,-8251,337,0,11
1830444,0,37,-8251,337,0,11
1830455,-5,-17,-8438,283,1,11
1830455,-5,-17,-8438,283,1,11
1830460,-6,-20,-8538,280,0,5
1830460,-6,-20,-8538,280,0,5
1830471,-7,-31,-8879,269,0,11
1830471,-7,-31,-8879,269,0,11
1830485,-4,-3,-8921,297,1,14
1830485,-4,-3,-8921,297,1,14
1830496,-4,2,-8899,302,0,11
1830496,-4,2,-8899,302,0,11
1830501,-3,9,-8854,309,0,5
1830501,-3,9,-8854,309,0,5
1830507,-3,13,-8776,313,1,6
1830507,-3,13,-8776,313,1,6
1830518,-2,21,-8545,321,0,11
1830518,-2,21,-8545,321,0,11
1830528,-1,22,-8325,322,1,10
1830528,-1,22,-8325,322,1,10
1830539,-1,26,-8039,326,0,11
1830539,-1,26,-8039,326,0,11
1830544,0,32,-7879,332,0,5
1830544,0,32,-7879,332,0,5
1830550,-4,-3,-7897,297,1,6
1830550,-4,-3,-7897,297,1,6
1830554,-4,-7,-7925,293,0,4
1830554,-4,-7,-7925,293,0,4
1830566,-6,-25,-8225,275,0,12
1830566,-6,-25,-8225,275,0,12
1830571,-5,-12,-8285,288,1,5
1830571,-5,-12,-8285,288,1,5
1830582,-5,-16,-8461,284,0,11
1830582,-5,-16,-8461,284,0,11
1830593,-5,-9,-8560,291,1,11
1830593,-5,-9,-8560,291,1,11
1830604,-5,-8,-8648,292,0,11
1830604,-5,-8,-8648,292,0,11
1830609,-4,-6,-8678,294,0,5
1830609,-4,-6,-8678,294,0,5
1830615,-5,-13,-8756,287,1,6
1830615,-5,-13,-8756,287,1,6
1830626,-5,-15,-8921,285,0,11
1830626,-5,-15,-8921,285,0,11
1830641,-3,10,-8771,310,1,15
1830641,-3,10,-8771,310,1,15
1830652,-2,19,-8562,319,0,11
1830652,-2,19,-8562,319,0,11
1830658,0,34,-8358,334,0,6
1830658,0,34,-8358,334,0,6
1830663,-3,2,-8348,302,1,5
1830663,-3,2,-8348,302,1,5
1830668,-4,1,-8343,301,0,5
1830668,-4,1,-8343,301,0,5
1830679,-4,-4,-8387,296,0,11
1830679,-4,-4,-8387,296,0,11
1830690,-3,4,-8343,304,1,11
1830690,-3,4,-8343,304,1,11
1830701,-3,4,-8299,304,0,11
1830701,-3,4,-8299,304,0,11
1830708,-3,5,-8264,305,0,7
1830708,-3,5,-8264,305,0,7
1830719,-2,15,-8099,315,1,11
1830719,-2,15,-8099,315,1,11
1830733,-1,20,-7819,320,0,14
1830733,-1,20,-7819,320,0,14
1830741,-3,3,-7795,303,1,8
1830741,-3,3,-7795,303,1,8
1830749,-4,-1,-7803,299,0,8
1830749,-4,-1,-7803,299,0,8
1830754,-4,-8,-7843,292,0,5
1830754,-4,-8,-7843,292,0,5
1830770,-4,-4,-7907,296,1,16
1830770,-4,-4,-7907,296,1,16
1830781,-4,-6,-7973,294,0,11
1830781,-4,-6,-7973,294,0,11
1830791,-2,16,-7813,316,1,10
1830791,-2,16,-7813,316,1,10
1830802,-1,26,-7527,326,0,11
1830802,-1,26,-7527,326,0,11
1830813,-6,-29,-7846,271,1,11
1830813,-6,-29,-7846,271,1,11
1830830,-10,-63,-8917,237,0,17
1830830,-10,-63,-8917,237,0,17
1830845,-3,8,-8797,308,1,15
1830845,-3,8,-8797,308,1,15
1830856,-2,20,-8577,320,0,11
1830856,-2,20,-8577,320,0,11
1830866,-5,-12,-8697,288,1,10
1830866,-5,-12,-8697,288,1,10
1830877,-6,-22,-8939,278,0,11
1830877,-6,-22,-8939,278,0,11
1830888,-4,4,-8895,304,1,11
1830888,-4,4,-8895,304,1,11
1830905,-2,16,-8623,316,0,17
1830905,-2,16,-8623,316,0,17
1830916,-3,9,-8524,309,1,11
1830916,-3,9,-8524,309,1,11
1830932,-3,11,-8348,311,0,16
1830932,-3,11,-8348,311,0,16
1830943,-3,11,-8227,311,1,11
1830943,-3,11,-8227,311,1,11
1830954,-2,11,-8106,311,0,11
1830954,-2,11,-8106,311,0,11
1830959,-2,12,-8046,312,0,5
1830959,-2,12,-8046,312,0,5
1830968,-4,-6,-8100,294,1,9
1830968,-4,-6,-8100,294,1,9
1830979,-5,-13,-8243,287,0,11
1830979,-5,-13,-8243,287,0,11
1830995,-3,4,-8179,304,1,16
1830995,-3,4,-8179,304,1,16
1831006,-3,8,-8091,308,0,11
1831006,-3,8,-8091,308,0,11
1831016,-4,-7,-8161,293,1,10
1831016,-4,-7,-8161,293,1,10
1831027,-5,-12,-8293,288,0,11
1831027,-5,-12,-8293,288,0,11
1831033,-6,-20,-8413,280,0,6
1831033,-6,-20,-8413,280,0,6
1831048,-3,11,-8248,311,1,15
1831048,-3,11,-8248,311,1,15
1831059,-2,17,-8061,317,0,11
1831059,-2,17,-8061,317,0,11
1831069,-2,14,-7921,314,1,10
1831069,-2,14,-7921,314,1,10
1831086,-2,16,-7649,316,0,17
1831086,-2,16,-7649,316,0,17
1831092,-1,19,-7535,319,0,6
1831092,-1,19,-7535,319,0,6
1831097,-4,-4,-7555,296,1,5
1831097,-4,-4,-7555,296,1,5
1831114,-5,-14,-7793,286,0,17
1831114,-5,-14,-7793,286,0,17
1831122,-4,-2,-7809,298,1,8
1831122,-4,-2,-7809,298,1,8
1831133,-4,-2,-7831,298,0,11
1831133,-4,-2,-7831,298,0,11
1831143,-3,1,-7821,301,1,10
1831143,-3,1,-7821,301,1,10
1831154,-3,2,-7799,302,0,11
1831154,-3,2,-7799,302,0,11
1831165,-3,7,-7722,307,1,11
1831165,-3,7,-7722,307,1,11
1831182,-2,11,-7535,311,0,17
1831182,-2,11,-7535,311,0,17
1831193,-2,10,-7425,310,1,11
1831193,-2,10,-7425,310,1,11
1831204,-2,11,-7304,311,0,11
1831204,-2,11,-7304,311,0,11
1831209,-2,12,-7244,312,0,5
1831209,-2,12,-7244,312,0,5
1831218,-5,-15,-7379,285,1,9
1831218,-5,-15,-7379,285,1,9
1831226,-6,-23,-7563,277,0,8
1831226,-6,-23,-7563,277,0,8
1831234,-7,-39,-7875,261,0,8
1831234,-7,-39,-7875,261,0,8
1831239,-4,-6,-7905,294,1,5
1831239,-4,-6,-7905,294,1,5
1831250,-4,-2,-7927,298,0,11
1831250,-4,-2,-7927,298,0,11
1831257,-3,5,-7892,305,0,7
1831257,-3,5,-7892,305,0,7
1831268,-5,-12,-8024,288,1,11
1831268,-5,-12,-8024,288,1,11
1831279,-5,-14,-8178,286,0,11
1831279,-5,-14,-8178,286,0,11
1831290,-5,-10,-8288,290,1,11
1831290,-5,-10,-8288,290,1,11
1831305,-5,-9,-8423,291,0,15
1831305,-5,-9,-8423,291,0,15
1831314,-4,-7,-8486,293,1,9
1831314,-4,-7,-8486,293,1,9
1831325,-4,-6,-8552,294,0,11
1831325,-4,-6,-8552,294,0,11
1831340,-5,-9,-8687,291,1,15
1831340,-5,-9,-8687,291,1,15
1831351,-5,-9,-8786,291,0,11
1831351,-5,-9,-8786,291,0,11
1831362,-5,-8,-8874,292,1,11
1831362,-5,-8,-8874,292,1,11
1831373,-5,-8,-8962,292,0,11
1831373,-5,-8,-8962,292,0,11
1831384,-2,15,-8797,315,1,11
1831384,-2,15,-8797,315,1,11
1831400,-1,31,-8301,331,0,16
1831400,-1,31,-8301,331,0,16
1831410,-6,-24,-8541,276,1,10
1831410,-6,-24,-8541,276,1,10
1831421,-8,-40,-8981,260,0,11
1831421,-8,-40,-8981,260,0,11
1831426,-11,-64,-9301,236,0,5
1831426,-11,-64,-9301,236,0,5
1831434,-3,11,-9213,311,1,8
1831434,-3,11,-9213,311,1,8
1831439,-2,18,-9123,318,0,5
1831439,-2,18,-9123,318,0,5
1831446,0,35,-8878,335,0,7
1831446,0,35,-8878,335,0,7
1831450,1,58,-8646,358,0,4
1831450,1,58,-8646,358,0,4
1831457,-5,-13,-8737,287,1,7
1831457,-5,-13,-8737,287,1,7
1831468,-6,-24,-9001,276,0,11
1831468,-6,-24,-9001,276,0,11
1831478,-3,10,-8901,310,1,10
1831478,-3,10,-8901,310,1,10
1831489,-2,22,-8659,322,0,11
1831489,-2,22,-8659,322,0,11
1831494,0,39,-8464,339,0,5
1831494,0,39,-8464,339,0,5
1831502,-3,3,-8440,303,1,8
1831502,-3,3,-8440,303,1,8
1831506,-4,2,-8432,302,0,4
1831506,-4,2,-8432,302,0,4
1831518,-4,-2,-8456,298,0,12
1831518,-4,-2,-8456,298,0,12
1831523,-3,6,-8426,306,1,5
1831523,-3,6,-8426,306,1,5
1831540,-3,8,-8290,308,0,17
1831540,-3,8,-8290,308,0,17
1831551,-4,-2,-8312,298,1,11
1831551,-4,-2,-8312,298,1,11
1831562,-4,-5,-8367,295,0,11
1831562,-4,-5,-8367,295,0,11
1831573,-3,3,-8334,303,1,11
1831573,-3,3,-8334,303,1,11
1831584,-3,5,-8279,305,0,11
1831584,-3,5,-8279,305,0,11
1831589,-3,8,-8239,308,0,5
1831589,-3,8,-8239,308,0,5
1831598,-2,16,-8095,316,1,9
1831598,-2,16,-8095,316,1,9
1831611,-1,22,-7809,322,0,13
1831611,-1,22,-7809,322,0,13
1831622,-4,-8,-7897,292,1,11
1831622,-4,-8,-7897,292,1,11
1831633,-5,-19,-8106,281,0,11
1831633,-5,-19,-8106,281,0,11
1831641,-8,-38,-8410,262,0,8
1831641,-8,-38,-8410,262,0,8
1831646,-4,-3,-8425,297,1,5
1831646,-4,-3,-8425,297,1,5
1831663,-4,-2,-8459,298,1,17
1831663,-4,-2,-8459,298,1,17
1831679,-4,-2,-8491,298,0,16
1831679,-4,-2,-8491,298,0,16
1831694,-1,22,-8161,322,1,15
1831694,-1,22,-8161,322,1,15
1831705,0,30,-7831,330,0,11
1831705,0,30,-7831,330,0,11
1831716,-4,-7,-7908,293,1,11
1831716,-4,-7,-7908,293,1,11
1831720,-5,-12,-7956,288,0,4
1831720,-5,-12,-7956,288,0,4
1831731,-7,-31,-8297,269,0,11
1831731,-7,-31,-8297,269,0,11
1831745,-2,13,-8115,313,1,14
1831745,-2,13,-8115,313,1,14
1831756,-1,20,-7895,320,0,11
1831756,-1,20,-7895,320,0,11
1831766,-3,7,-7825,307,1,10
1831766,-3,7,-7825,307,1,10
1831788,-3,1,-7803,301,0,22
1831788,-3,1,-7803,301,0,22
1831799,-5,-15,-7968,285,1,11
1831799,-5,-15,-7968,285,1,11
1831810,-6,-22,-8210,278,0,11
1831810,-6,-22,-8210,278,0,11
1831817,-7,-34,-8448,266,0,7
1831817,-7,-34,-8448,266,0,7
1831828,-3,4,-8404,304,1,11
1831828,-3,4,-8404,304,1,11
1831854,-4,1,-8378,301,1,26
1831854,-4,1,-8378,301,1,26
1831866,-4,0,-8378,300,0,12
1831866,-4,0,-8378,300,0,12
1831877,-5,-17,-8565,283,1,11
1831877,-5,-17,-8565,283,1,11
1831888,-6,-25,-8840,275,0,11
1831888,-6,-25,-8840,275,0,11
1831899,-2,20,-8620,320,1,11
1831899,-2,20,-8620,320,1,11
1831910,0,38,-8202,338,0,11
1831910,0,38,-8202,338,0,11
1831915,2,64,-7882,364,0,5
1831915,2,64,-7882,364,0,5
1831917,5,94,-7694,394,0,2
1831917,5,94,-7694,394,0,2
1831928,-4,-7,-7771,293,1,11
1831928,-4,-7,-7771,293,1,11
1831944,-6,-21,-8107,279,0,16
1831944,-6,-21,-8107,279,0,16
1831951,-6,-22,-8261,278,1,7
1831951,-6,-22,-8261,278,1,7
1831963,-7,-29,-8609,271,0,12
1831963,-7,-29,-8609,271,0,12
1831979,-6,-21,-8945,279,1,16
1831979,-6,-21,-8945,279,1,16
1831990,-6,-21,-9176,279,0,11
1831990,-6,-21,-9176,279,0,11
1832004,-5,-5,-9246,295,1,14
1832004,-5,-5,-9246,295,1,14
1832015,-4,2,-9224,302,0,11
1832015,-4,2,-9224,302,0,11
1832020,-3,12,-9164,312,0,5
1832020,-3,12,-9164,312,0,5
1832027,-5,-8,-9220,292,1,7
1832027,-5,-8,-9220,292,1,7
1832038,-5,-9,-9319,291,0,11
1832038,-5,-9,-9319,291,0,11
1832043,-5,-11,-9374,289,0,5
1832043,-5,-11,-9374,289,0,5
1832054,-3,12,-9242,312,1,11
1832054,-3,12,-9242,312,1,11
1832065,-2,20,-9022,320,0,11
1832065,-2,20,-9022,320,0,11
1832076,-3,12,-8890,312,1,11
1832076,-3,12,-8890,312,1,11
1832087,-3,12,-8758,312,0,11
1832087,-3,12,-8758,312,0,11
1832092,-3,12,-8698,312,0,5
1832092,-3,12,-8698,312,0,5
1832100,-4,0,-8698,300,1,8
1832100,-4,0,-8698,300,1,8
1832111,-4,-5,-8753,295,0,11
1832111,-4,-5,-8753,295,0,11
1832126,-1,23,-8408,323,1,15
1832126,-1,23,-8408,323,1,15
1832137,0,32,-8056,332,0,11
1832137,0,32,-8056,332,0,11
1832148,-3,4,-8012,304,1,11
1832148,-3,4,-8012,304,1,11
1832154,-4,-1,-8018,299,0,6
1832154,-4,-1,-8018,299,0,6
1832165,-5,-15,-8183,285,0,11
1832165,-5,-15,-8183,285,0,11
