control_timestamps,yaw,distance,distance_2,motor_input
31679,3.772,1319,399,63.0
31686,3.772,1319,402,59.0
31702,3.768,1319,402,56.0
31715,3.768,1319,402,54.0
31725,3.768,1317,402,51.0
31734,3.768,1317,402,49.0
31740,3.768,1317,402,47.0
31750,3.486,1317,402,41.0
31757,3.486,1317,402,40.0
31765,3.486,1317,402,40.0
31773,3.486,1317,402,40.0
31779,3.486,1317,402,40.0
31788,3.486,1317,391,40.0
31795,3.486,1317,391,40.0
31807,3.46,1317,391,40.0
31817,3.46,1317,391,40.0
31831,3.46,1314,391,40.0
31844,3.46,1314,391,40.0
31859,3.531,1314,391,40.0
31866,3.531,1314,391,40.0
31877,3.531,1314,391,40.0
31884,3.531,1314,388,40.0
31895,3.531,1314,388,40.0
31909,3.524,1314,388,40.0
31921,3.524,1268,388,40.0
31926,3.524,1268,388,40.0
31934,3.524,1268,388,40.0
31942,3.524,1268,388,40.0
31948,3.524,1268,388,40.0
31960,3.573,1268,388,40.0
31970,3.573,1268,388,40.0
31975,3.573,1268,388,40.0
31985,3.573,1268,394,40.0
31994,3.573,1268,394,40.0
32007,3.573,1268,394,40.0
32014,3.582,1268,394,40.0
32023,3.582,1283,394,40.0
32029,3.582,1283,394,40.0
32035,3.582,1283,394,40.0
32043,3.582,1283,394,40.0
32051,3.582,1283,394,40.0
32057,3.582,1283,394,40.0
32067,3.568,1283,394,40.0
32073,3.568,1283,394,40.0
32090,3.568,1283,390,40.0
32105,3.568,1283,390,40.0
32124,3.486,1249,390,40.0
32139,3.486,1249,390,40.0
32154,3.486,1249,390,40.0
32163,3.486,1249,390,40.0
32171,3.572,1249,390,40.0
32186,3.572,1249,389,40.0
32196,3.572,1249,389,40.0
32203,3.572,1249,389,40.0
32207,3.572,1249,389,40.0
32219,3.572,1302,389,40.0
32230,3.654,1302,389,40.0
32236,3.654,1302,389,40.0
32240,3.654,1302,389,40.0
32252,3.654,1302,389,40.0
32256,3.654,1302,389,40.0
32262,3.654,1302,389,40.0
32277,3.623,1302,389,40.0
32292,3.623,1302,391,75.0
32302,3.623,1302,391,72.0
32309,3.623,1300,391,70.0
32318,3.623,1300,391,68.0
32328,4.12,1300,391,58.0
32337,4.12,1300,391,57.0
32348,4.12,1300,391,56.0
32365,4.12,1300,391,55.0
32377,4.12,1300,391,54.0
32390,4.717,1300,409,43.0
32398,4.717,1300,409,43.0
32410,4.717,1401,409,43.0
32429,4.717,1401,409,43.0
32439,4.634,1401,409,44.0
32454,4.634,1401,409,44.0
32465,4.634,1401,409,44.0
32471,4.634,1401,409,44.0
32477,4.634,1401,409,44.0
32487,4.634,1401,424,43.0
32495,4.66,1401,424,43.0
32505,4.66,1449,424,43.0
32514,4.66,1449,424,43.0
32530,4.66,1449,424,43.0
32543,4.619,1449,424,43.0
32553,4.619,1449,424,43.0
32563,4.619,1449,424,43.0
32576,4.619,1449,424,43.0
32588,4.619,1449,426,43.0
32594,4.616,1449,426,43.0
32598,4.616,1449,426,43.0
32608,4.616,1433,426,43.0
32615,4.616,1433,426,43.0
32620,4.616,1433,426,43.0
32629,4.616,1433,426,43.0
32636,4.616,1433,426,43.0
32642,4.616,1433,426,43.0
32654,4.548,1433,426,44.0
32669,4.548,1433,426,44.0
32680,4.548,1433,426,44.0
32687,4.548,1433,417,44.0
32691,4.548,1433,417,44.0
32704,4.583,1439,417,43.0
32708,4.583,1439,417,43.0
32716,4.583,1439,417,43.0
32724,4.583,1439,417,43.0
32729,4.583,1439,417,43.0
32740,4.583,1439,417,43.0
32746,4.583,1439,417,43.0
32756,4.577,1439,417,43.0
32765,4.577,1439,417,43.0
32778,4.577,1439,417,43.0
32790,4.577,1439,420,43.0
32795,4.577,1439,420,43.0
32801,4.577,1437,420,43.0
32810,4.534,1437,420,44.0
32817,4.534,1437,420,44.0
32822,4.534,1437,420,44.0
32831,4.534,1437,420,44.0
32838,4.534,1437,420,44.0
32844,4.534,1437,420,43.0
32854,4.534,1437,420,43.0
32872,4.696,1437,420,41.0
32883,4.696,1437,424,41.0
32888,4.696,1437,424,41.0
32893,4.696,1437,424,41.0
32903,4.696,1423,424,41.0
32911,4.707,1423,424,41.0
32915,4.707,1423,424,41.0
32925,4.707,1423,424,41.0
32937,4.707,1423,424,209.0
32942,4.707,1423,424,200.0
32948,4.707,1423,424,192.0
32953,4.707,1423,424,185.0
32962,4.707,1423,424,179.0
32971,5.026,1423,424,168.0
32975,5.026,1423,424,163.0
32987,5.026,1423,424,159.0
32991,5.026,1423,424,155.0
33001,5.026,1465,424,151.0
33008,5.026,1465,424,148.0
33025,10.138,1465,424,59.0
33035,10.138,1465,424,61.0
33041,10.138,1465,424,63.0
33051,10.138,1465,424,65.0
33063,10.138,1465,424,66.0
33069,16.853,1465,424,40.0
33074,16.853,1465,424,40.0
33085,16.853,1465,393,40.0
33090,16.853,1465,393,40.0
33101,16.853,1571,393,40.0
33111,16.853,1571,393,40.0
33117,16.853,1571,393,40.0
33124,20.367,1571,393,40.0
33131,20.367,1571,393,40.0
33149,20.367,1571,393,40.0
33160,20.367,1571,393,40.0
33166,20.367,1571,393,40.0
33171,20.367,1571,393,40.0
33184,19.642,1571,407,40.0
33188,19.642,1571,407,40.0
33197,19.642,1588,407,40.0
33204,19.642,1588,407,40.0
33209,19.642,1588,407,40.0
33218,19.642,1588,407,40.0
33226,19.642,1588,407,40.0
33236,20.513,1588,407,40.0
33245,20.513,1588,407,40.0
33255,20.513,1588,407,40.0
33266,20.513,1588,407,40.0
33283,19.938,1588,397,40.0
33298,19.938,1587,397,40.0
33302,19.938,1587,397,40.0
33311,19.938,1587,397,40.0
33319,19.938,1587,397,40.0
33324,19.938,1587,397,40.0
33330,19.938,1587,397,40.0
33341,20.583,1587,397,40.0
33346,20.583,1587,397,40.0
33350,20.583,1587,397,40.0
33362,20.583,1587,397,40.0
33366,20.583,1587,397,40.0
33372,20.583,1587,397,40.0
33384,20.583,1587,391,40.0
33396,19.958,1582,391,40.0
33404,19.958,1582,391,40.0
33411,19.958,1582,391,40.0
33416,19.958,1582,391,40.0
33421,19.958,1582,391,40.0
33433,19.958,1582,391,40.0
33438,19.958,1582,391,40.0
33444,20.608,1582,391,40.0
33448,20.608,1582,391,40.0
33459,20.608,1582,391,40.0
33464,20.608,1582,391,40.0
33475,20.608,1582,391,40.0
33485,20.608,1582,384,40.0
33494,20.608,1588,384,40.0
33510,20.144,1588,384,40.0
33519,20.144,1588,384,40.0
33530,20.144,1588,384,40.0
33541,20.144,1588,384,40.0
33553,20.358,1588,384,40.0
33563,20.358,1588,384,40.0
33575,20.358,1588,384,40.0
33586,20.358,1588,384,40.0
33597,20.358,1586,384,158.0
33613,20.418,1586,384,149.0
33622,20.418,1586,384,141.0
33632,20.418,1586,384,135.0
33643,20.418,1586,384,129.0
33666,22.268,1586,384,93.0
33677,22.268,1586,397,90.0
33688,22.268,1586,397,87.0
33706,22.268,1591,397,84.0
33721,27.17,1591,397,40.0
33737,27.17,1591,397,40.0
33747,27.17,1591,397,40.0
33760,30.302,1591,397,40.0
33769,30.302,1591,397,40.0
33777,30.302,1591,365,40.0
33782,30.302,1591,365,40.0
33788,30.302,1591,365,40.0
33798,30.302,1659,365,40.0
33804,30.302,1659,365,40.0
33811,29.844,1659,365,40.0
33826,29.844,1659,365,40.0
33837,29.844,1659,365,40.0
33848,29.844,1659,365,40.0
33859,29.844,1659,365,40.0
33873,30.472,1659,378,40.0
33881,30.472,1659,378,40.0
33894,30.472,1663,378,40.0
33898,30.472,1663,378,40.0
33903,30.472,1663,378,40.0
33912,30.472,1663,378,40.0
33921,30.169,1663,378,40.0
33925,30.169,1663,378,40.0
33934,30.169,1663,378,40.0
33942,30.169,1663,378,40.0
33947,30.169,1663,378,40.0
33956,30.169,1663,378,40.0
33977,30.088,1663,370,40.0
33994,30.088,1665,370,40.0
34002,30.088,1665,370,40.0
34013,30.088,1665,370,40.0
34018,30.088,1665,370,40.0
34025,29.945,1665,370,40.0
34035,29.945,1665,370,40.0
34040,29.945,1665,370,40.0
34046,29.945,1665,370,40.0
34056,29.945,1665,370,40.0
34062,29.945,1665,370,40.0
34074,29.945,1665,377,40.0
34085,30.54,1665,377,40.0
34096,30.54,1673,377,40.0
34104,30.54,1673,377,40.0
34118,30.54,1673,377,40.0
34126,30.54,1673,377,40.0
34144,30.026,1673,377,40.0
34154,30.026,1673,377,40.0
34165,30.026,1673,377,40.0
34177,30.026,1673,365,40.0
34194,30.047,1665,365,40.0
34203,30.047,1665,365,164.0
34208,30.047,1665,365,156.0
34213,30.047,1665,365,148.0
34218,30.047,1665,365,141.0
34236,30.767,1665,365,123.0
34245,30.767,1665,365,118.0
34256,30.767,1665,365,114.0
34269,30.767,1665,353,109.0
34278,30.767,1665,353,106.0
34284,30.767,1665,353,103.0
34292,35.061,1682,353,40.0
34307,35.061,1682,353,40.0
34317,35.061,1682,353,40.0
34333,35.061,1682,353,40.0
34346,39.114,1682,353,40.0
34355,39.114,1682,353,40.0
34370,39.114,1682,316,40.0
34381,39.114,1682,316,40.0
34392,39.114,1789,316,40.0
34403,39.512,1789,316,40.0
34412,39.512,1789,316,40.0
34429,39.512,1789,316,40.0
34453,39.65,1789,316,40.0
34464,39.65,1789,280,40.0
34469,39.65,1789,280,40.0
34475,39.65,1789,280,40.0
34483,39.65,1789,280,40.0
34492,39.65,1808,280,40.0
34497,39.65,1808,280,40.0
34509,39.668,1808,280,40.0
34513,39.668,1808,280,40.0
34522,39.668,1808,280,40.0
34530,39.668,1808,280,40.0
34535,39.668,1808,280,40.0
34546,39.668,1808,280,40.0
34552,39.668,1808,280,40.0
34563,39.575,1808,280,40.0
34568,39.575,1808,280,40.0
34573,39.575,1808,280,40.0
34584,39.575,1808,280,40.0
34591,39.575,1806,280,40.0
34600,39.575,1806,280,40.0
34613,39.571,1806,280,40.0
34617,39.571,1806,280,40.0
34622,39.571,1806,280,40.0
34631,39.571,1806,280,40.0
34644,39.571,1806,280,40.0
34655,39.571,1806,280,40.0
34668,39.49,1806,283,40.0
34682,39.49,1806,283,40.0
34699,39.49,1808,283,40.0
34710,39.49,1808,283,40.0
34724,39.499,1808,283,40.0
34731,39.499,1808,283,40.0
34742,39.499,1808,283,40.0
34753,39.499,1808,283,40.0
34760,39.499,1808,282,40.0
34766,39.379,1808,282,40.0
34773,39.379,1808,282,40.0
34781,39.379,1808,282,40.0
34789,39.379,1806,282,40.0
34808,39.379,1806,282,172.0
34826,39.508,1806,282,162.0
34830,39.508,1806,282,154.0
34841,39.508,1806,282,147.0
34851,39.508,1806,282,140.0
34866,39.508,1806,279,135.0
34879,43.003,1806,279,71.0
34890,43.003,1835,279,69.0
34894,43.003,1835,279,68.0
34900,43.003,1835,279,67.0
34912,43.003,1835,279,66.0
34916,43.003,1835,279,65.0
34922,43.003,1835,279,64.0
34935,47.882,1835,279,40.0
34944,47.882,1835,279,40.0
34956,47.882,1835,234,40.0
34965,47.882,1835,234,40.0
34983,50.348,1835,234,40.0
34994,50.348,1897,234,40.0
35000,50.348,1897,234,40.0
35017,50.348,1897,234,40.0
35028,50.348,1897,234,40.0
35040,49.646,1897,234,40.0
35051,49.646,1897,218,40.0
35061,49.646,1897,218,40.0
35067,49.646,1897,218,40.0
35072,49.646,1897,218,40.0
35081,49.646,1897,218,40.0
35091,50.163,1933,218,40.0
35105,50.163,1933,218,40.0
35121,50.163,1933,218,40.0
35132,50.163,1933,218,40.0
35145,49.466,1933,218,40.0
35160,49.466,1933,221,40.0
35165,49.466,1933,221,40.0
35171,49.466,1933,221,40.0
35179,49.466,1933,221,40.0
35188,49.466,1905,221,40.0
35205,50.189,1905,221,40.0
35215,50.189,1905,221,40.0
35220,50.189,1905,221,40.0
35226,50.189,1905,221,40.0
35231,50.189,1905,221,40.0
35240,50.189,1905,221,40.0
35255,49.873,1905,225,40.0
35274,49.873,1905,225,40.0
35289,49.873,1906,225,40.0
35298,49.848,1906,225,40.0
35307,49.848,1906,225,40.0
35312,49.848,1906,225,40.0
35320,49.848,1906,225,40.0
35334,49.848,1906,225,40.0
35342,49.848,1906,225,40.0
35356,50.094,1906,219,40.0
35364,50.094,1906,219,40.0
35370,50.094,1906,219,40.0
35375,50.094,1906,219,40.0
35387,50.094,1922,219,40.0
35398,50.094,1922,219,163.0
35412,49.505,1922,219,165.0
35417,49.505,1922,219,157.0
35423,49.505,1922,219,149.0
35428,49.505,1922,219,143.0
35439,49.505,1922,219,137.0
35463,52.482,1922,218,82.0
35472,52.482,1922,218,79.0
35477,52.482,1922,218,77.0
35486,52.482,1899,218,76.0
35496,52.482,1899,218,74.0
35503,52.482,1899,218,73.0
35517,57.064,1899,218,40.0
35529,57.064,1899,218,40.0
35535,57.064,1899,218,40.0
35543,57.064,1899,218,40.0
35552,57.064,1899,226,40.0
35557,57.064,1899,226,40.0
35567,58.277,1899,226,40.0
35573,58.277,1899,226,40.0
35579,58.277,1899,226,40.0
35588,58.277,1745,226,40.0
35595,58.277,1745,226,40.0
35600,58.277,1745,226,40.0
35609,58.277,1745,226,40.0
35618,58.268,1745,226,40.0
35622,58.268,1745,226,40.0
35633,58.268,1745,226,40.0
35644,58.268,1745,226,40.0
35651,58.268,1745,225,40.0
35655,58.268,1745,225,40.0
35666,58.268,1745,225,40.0
35673,58.302,1745,225,40.0
35677,58.302,1745,225,40.0
35687,58.302,1698,225,40.0
35693,58.302,1698,225,40.0
35699,58.302,1698,225,40.0
35708,58.302,1698,225,40.0
35725,58.371,1698,225,40.0
35737,58.371,1698,225,40.0
35743,58.371,1698,225,40.0
35749,58.371,1698,224,40.0
35754,58.371,1698,224,40.0
35762,58.371,1698,224,40.0
35783,58.42,1650,224,40.0
35792,58.42,1650,224,40.0
35803,58.42,1650,224,40.0
35814,58.42,1650,224,40.0
35827,58.39,1650,224,40.0
35831,58.39,1650,224,40.0
35836,58.39,1650,224,40.0
35842,58.39,1650,224,40.0
35851,58.39,1650,225,40.0
35867,58.39,1650,225,40.0
35874,58.39,1650,225,40.0
35893,58.448,1690,225,40.0
35902,58.448,1690,225,40.0
35913,58.448,1690,225,40.0
35924,58.448,1690,225,40.0
35941,58.408,1690,225,40.0
35957,58.408,1690,228,40.0
35970,58.408,1690,228,40.0
35979,58.408,1737,228,40.0
36001,58.411,1737,228,179.0
36010,58.411,1737,228,171.0
36016,58.411,1737,228,163.0
36019,58.411,1737,228,156.0
36025,58.411,1737,228,149.0
36031,58.411,1737,228,144.0
36049,59.44,1737,226,121.0
36059,59.44,1737,226,118.0
36076,59.44,1673,226,114.0
36086,59.44,1673,226,111.0
36094,63.411,1673,226,42.0
36109,63.411,1673,226,43.0
36120,63.411,1673,226,44.0
36126,63.411,1673,226,45.0
36132,63.411,1673,226,45.0
36140,63.411,1673,226,46.0
36151,66.339,1673,235,40.0
36164,66.339,1673,235,40.0
36176,66.339,1493,235,40.0
36185,66.339,1493,235,40.0
36198,66.546,1493,235,40.0
36207,66.546,1493,235,40.0
36218,66.546,1493,235,40.0
36229,66.546,1493,235,40.0
36240,66.546,1493,235,40.0
36253,66.671,1493,234,40.0
36262,66.671,1493,234,40.0
36274,66.671,1479,234,40.0
36285,66.671,1479,234,40.0
36296,66.671,1479,234,40.0
36303,66.592,1479,234,40.0
36307,66.592,1479,234,40.0
36316,66.592,1479,234,40.0
36324,66.592,1479,234,40.0
36329,66.592,1479,234,40.0
36338,66.592,1479,234,40.0
36347,66.592,1479,235,40.0
36354,66.592,1479,235,40.0
36375,66.62,1497,235,40.0
36389,66.62,1497,235,40.0
36400,66.62,1497,235,40.0
36410,66.648,1497,235,40.0
36419,66.648,1497,235,40.0
36436,66.648,1497,235,40.0
36453,66.648,1497,236,40.0
36465,66.694,1497,236,40.0
36478,66.694,1491,236,40.0
36483,66.694,1491,236,40.0
36493,66.694,1491,236,40.0
36503,66.694,1491,236,40.0
36520,66.659,1491,236,40.0
36531,66.659,1491,236,40.0
36543,66.659,1491,236,40.0
36553,66.659,1491,236,40.0
36564,66.659,1491,236,40.0
36572,66.718,1478,236,40.0
36578,66.718,1478,236,40.0
36597,66.718,1478,236,192.0
36608,66.718,1478,236,184.0
36613,66.718,1478,236,176.0
36617,66.718,1478,236,169.0
36624,67.059,1478,236,157.0
36628,67.059,1478,236,151.0
36636,67.059,1478,236,147.0
36652,67.059,1478,237,142.0
36661,67.059,1478,237,138.0
36673,67.059,1463,237,135.0
36685,71.387,1463,237,59.0
36694,71.387,1463,237,60.0
36710,71.387,1463,237,61.0
36717,71.387,1463,237,62.0
36738,77.216,1463,248,40.0
36749,77.216,1463,248,40.0
36765,77.216,1463,248,40.0
36777,77.216,1347,248,40.0
36789,80.807,1347,248,40.0
36798,80.807,1347,248,40.0
36804,80.807,1347,248,40.0
36813,80.807,1347,248,40.0
36821,80.807,1347,248,40.0
36830,80.807,1347,248,40.0
36840,80.536,1347,257,40.0
36854,80.536,1347,257,40.0
36860,80.536,1347,257,40.0
36865,80.536,1347,257,40.0
36875,80.536,1264,257,40.0
36882,80.536,1264,257,40.0
36892,80.183,1264,257,40.0
36898,80.183,1264,257,40.0
36903,80.183,1264,257,40.0
36914,80.183,1264,257,40.0
36924,80.183,1264,257,40.0
36930,80.183,1264,257,40.0
36937,80.183,1264,254,40.0
36954,80.179,1264,254,40.0
36968,80.179,1264,254,40.0
36981,80.179,1274,254,40.0
36991,80.179,1274,254,40.0
37003,80.154,1274,254,40.0
37012,80.154,1274,254,40.0
37023,80.154,1274,254,40.0
37035,80.154,1274,258,40.0
37048,80.104,1274,258,40.0
37057,80.104,1274,258,40.0
37063,80.104,1274,258,40.0
37068,80.104,1274,258,40.0
37078,80.104,1281,258,40.0
37085,80.104,1281,258,40.0
37090,80.104,1281,258,40.0
37099,80.104,1281,258,40.0
37108,80.048,1281,258,40.0
37115,80.048,1281,258,40.0
37123,80.048,1281,258,40.0
37140,80.048,1281,257,40.0
37152,80.076,1281,257,40.0
37156,80.076,1281,257,40.0
37161,80.076,1281,257,40.0
37170,80.076,1281,257,40.0
37179,80.076,1285,257,40.0
37188,80.076,1285,257,40.0
37200,80.076,1285,257,164.0
37206,80.072,1285,257,156.0
37215,80.072,1285,257,148.0
37221,80.072,1285,257,141.0
37233,80.072,1285,259,135.0
37243,80.072,1285,259,129.0
37254,80.072,1285,259,124.0
37271,82.985,1285,259,71.0
37284,82.985,1186,259,69.0
37295,82.985,1186,259,68.0
37306,82.985,1186,259,67.0
37319,89.263,1186,259,40.0
37329,89.263,1186,260,40.0
37339,89.263,1186,260,40.0
37360,89.263,1186,260,40.0
37378,92.335,704,260,40.0
37388,92.335,704,260,40.0
37395,92.335,704,260,40.0
37417,92.335,704,260,40.0
37433,91.939,704,264,40.0
37445,91.939,704,264,40.0
37453,91.939,704,264,40.0
37464,91.939,704,264,40.0
37481,91.708,673,264,40.0
37498,91.708,673,264,40.0
37509,91.708,673,264,40.0
37518,91.708,673,264,40.0
37536,91.68,673,257,40.0
37553,91.68,673,257,40.0
37564,91.68,673,257,40.0
37570,91.68,673,257,40.0
37578,91.704,673,257,40.0
37587,91.704,673,257,40.0
37592,91.704,673,257,40.0
37598,91.704,673,257,40.0
37608,91.704,673,257,40.0
37614,91.704,673,257,40.0
37625,91.704,673,257,40.0
37636,91.649,673,262,40.0
37644,91.649,673,262,40.0
37651,91.649,673,262,40.0
37662,91.649,673,262,40.0
37668,91.649,673,262,40.0
37685,91.649,682,262,40.0
37702,91.645,682,262,40.0
37712,91.645,682,262,40.0
37718,91.645,682,262,40.0
37723,91.645,682,262,40.0
37733,91.645,682,260,40.0
37750,91.636,682,260,40.0
37764,91.636,682,260,40.0
37777,91.636,678,260,40.0
37786,91.636,678,260,125.0
37803,91.614,678,260,119.0
37820,91.614,678,260,114.0
37832,91.614,678,260,109.0
37843,93.333,678,260,76.0
37847,93.333,678,260,74.0
37854,93.333,678,260,72.0
37858,93.333,678,260,70.0
37870,93.333,678,260,68.0
37881,93.333,671,260,67.0
37887,93.333,671,260,65.0
37891,93.333,671,260,64.0
37905,94.947,671,260,40.0
37913,94.947,671,260,40.0
37930,94.947,671,261,40.0
37936,94.947,671,261,40.0
37940,94.947,671,261,40.0
37957,94.801,671,261,40.0
37966,94.801,671,261,40.0
37983,94.801,662,261,40.0
37994,94.801,662,261,40.0
38009,94.726,662,261,42.0
38018,94.726,662,261,42.0
38024,94.726,662,261,42.0
38030,94.726,662,258,42.0
38038,94.726,662,258,42.0
38046,94.726,662,258,42.0
38056,94.658,662,258,43.0
38062,94.658,662,258,43.0
38067,94.658,662,258,43.0
38076,94.658,662,258,43.0
38085,94.658,662,258,43.0
38089,94.658,662,258,43.0
38098,94.658,662,258,43.0
38107,94.669,662,258,42.0
38111,94.669,662,258,42.0
38120,94.669,662,258,42.0
38129,94.669,662,259,42.0
38133,94.669,662,259,42.0
38142,94.669,662,259,42.0
38150,94.669,662,259,42.0
38155,94.669,662,259,42.0
38167,94.682,662,259,42.0
38183,94.682,661,259,42.0
38193,94.682,661,259,42.0
38199,94.682,661,259,42.0
38204,94.682,661,259,42.0
38213,94.682,661,259,42.0
38222,94.659,661,259,42.0
38227,94.659,661,259,42.0
38235,94.659,661,259,42.0
38242,94.659,661,259,42.0
38248,94.659,661,259,42.0
38257,94.659,661,259,42.0
38276,94.652,661,259,42.0
38287,94.652,663,259,42.0
38292,94.652,663,259,42.0
38297,94.652,663,259,42.0
38306,94.652,663,259,42.0
38314,94.652,663,259,42.0
38325,94.647,663,264,42.0
38330,94.647,663,264,42.0
38335,94.647,663,264,42.0
38344,94.647,663,264,42.0
38352,94.647,663,264,42.0
38360,94.647,663,264,42.0
38376,94.625,663,264,43.0
38387,94.625,659,264,210.0
38393,94.625,659,264,201.0
38401,94.625,659,264,194.0
38406,94.625,659,264,186.0
38417,94.625,659,264,180.0
38425,95.92,659,258,153.0
38428,95.92,659,258,149.0
38439,95.92,659,258,145.0
38450,95.92,659,258,142.0
38459,95.92,659,258,139.0
38470,95.92,659,258,136.0
38489,100.971,659,258,49.0
38503,100.971,659,258,51.0
38526,100.971,659,262,53.0
38542,107.054,659,262,40.0
38558,107.054,659,262,40.0
38569,107.054,659,262,40.0
38575,107.054,659,262,40.0
38587,110.447,667,262,40.0
38592,110.447,667,262,40.0
38597,110.447,667,262,40.0
38605,110.447,667,262,40.0
38613,110.447,667,262,40.0
38619,110.447,667,262,40.0
38629,110.447,667,262,40.0
38637,110.032,667,262,40.0
38651,110.032,667,262,40.0
38657,110.032,667,262,40.0
38666,110.032,667,262,40.0
38674,110.032,667,262,40.0
38679,110.032,667,262,40.0
38689,110.032,670,262,40.0
38697,109.815,670,262,40.0
38707,109.815,670,262,40.0
38712,109.815,670,262,40.0
38717,109.815,670,262,40.0
38727,109.815,670,264,40.0
38734,109.815,670,264,40.0
38739,109.815,670,264,40.0
38751,110.406,670,264,40.0
38761,110.406,670,264,40.0
38766,110.406,670,264,40.0
38772,110.406,670,264,40.0
38780,110.406,670,264,40.0
38790,110.406,671,264,40.0
38795,109.958,671,264,40.0
38815,109.958,671,264,40.0
38832,109.958,671,264,40.0
38843,109.958,671,264,40.0
38850,110.401,671,264,40.0
38859,110.401,671,264,40.0
38864,110.401,671,264,40.0
38870,110.401,671,264,40.0
38878,110.401,671,264,40.0
38888,110.401,671,264,40.0
38892,110.401,671,264,40.0
38900,110.401,671,264,40.0
38910,110.155,671,264,40.0
38925,110.155,671,258,40.0
38930,110.155,671,258,40.0
38939,110.155,671,258,40.0
38947,110.155,671,258,40.0
38954,110.002,671,258,40.0
38973,110.002,671,258,40.0
38988,110.002,670,258,165.0
38995,110.002,670,258,156.0
38998,110.002,670,258,148.0
39008,109.944,670,258,143.0
39017,109.944,670,258,136.0
39024,109.944,670,256,131.0
39033,109.944,670,256,126.0
39045,109.944,670,256,121.0
39050,109.944,670,256,117.0
39060,114.038,670,256,45.0
39069,114.038,670,256,45.0
39083,114.038,714,256,45.0
39088,114.038,714,256,45.0
39098,114.038,714,256,46.0
39110,114.038,714,256,46.0
39117,118.554,714,256,40.0
39122,118.554,714,251,40.0
39131,118.554,714,251,40.0
39137,118.554,714,251,40.0
39147,118.554,714,251,40.0
39153,118.554,714,251,40.0
39161,118.554,714,251,40.0
39171,119.693,714,251,40.0
39175,119.693,714,251,40.0
39184,119.693,1291,251,40.0
39191,119.693,1291,251,40.0
39202,119.693,1291,251,40.0
39207,119.693,1291,251,40.0
39213,119.693,1291,251,40.0
39226,119.752,1291,255,40.0
39234,119.752,1291,255,40.0
39240,119.752,1291,255,40.0
39247,119.752,1291,255,40.0
39258,119.752,1291,255,40.0
39265,119.752,1291,255,40.0
39277,119.732,1291,255,40.0
39288,119.732,1311,255,40.0
39304,119.732,1311,255,40.0
39315,119.732,1311,255,40.0
39328,119.803,1311,250,40.0
39337,119.803,1311,250,40.0
39348,119.803,1311,250,40.0
39359,119.803,1311,250,40.0
39375,119.803,1311,250,40.0
39394,119.774,1307,250,40.0
39407,119.774,1307,250,40.0
39425,119.774,1307,253,40.0
39441,119.734,1307,253,40.0
39451,119.734,1307,253,40.0
39457,119.734,1307,253,40.0
39462,119.734,1307,253,40.0
39471,119.734,1307,253,40.0
39479,119.734,1307,253,40.0
39487,119.726,1295,253,40.0
39501,119.726,1295,253,40.0
39512,119.726,1295,253,40.0
39528,119.726,1295,252,40.0
39540,119.754,1295,252,40.0
39549,119.754,1295,252,40.0
39557,119.754,1295,252,40.0
39568,119.754,1295,252,40.0
39586,119.754,1305,252,168.0
39600,119.808,1305,252,159.0
39610,119.808,1305,252,151.0
39620,119.808,1305,250,144.0
39629,119.808,1305,250,138.0
39645,119.808,1305,250,132.0
39658,122.208,1305,250,87.0
39668,122.208,1305,250,84.0
39679,122.208,1305,250,82.0
39685,122.208,1321,250,80.0
39690,122.208,1321,250,78.0
39700,127.771,1321,250,40.0
39707,127.771,1321,250,40.0
39712,127.771,1321,250,40.0
39722,127.771,1321,245,40.0
39729,127.771,1321,245,40.0
39734,127.771,1321,245,40.0
39745,127.771,1321,245,40.0
39752,131.141,1321,245,40.0
39759,131.141,1321,245,40.0
39767,131.141,1321,245,40.0
39772,131.141,1321,245,40.0
39782,131.141,1390,245,40.0
39789,131.141,1390,245,40.0
39794,131.141,1390,245,40.0
39803,131.141,1390,245,40.0
39823,130.027,1390,244,40.0
39840,130.027,1390,244,40.0
39852,130.027,1390,244,40.0
39860,129.819,1390,244,40.0
39874,129.819,1390,244,40.0
39881,129.819,1353,244,40.0
39891,129.819,1353,244,40.0
39897,129.819,1353,244,40.0
39902,129.819,1353,244,40.0
39912,130.42,1353,244,40.0
39920,130.42,1353,242,40.0
39928,130.42,1353,242,40.0
39935,130.42,1353,242,40.0
39939,130.42,1353,242,40.0
39950,130.42,1353,242,40.0
39962,129.596,1353,242,40.0
39972,129.596,1353,242,40.0
39985,129.596,1381,242,40.0
39995,129.596,1381,242,40.0
40001,129.596,1381,242,40.0
40006,129.596,1381,242,40.0
40016,129.596,1381,246,40.0
40029,130.281,1381,246,40.0
40039,130.281,1381,246,40.0
40053,130.281,1381,246,40.0
40060,130.281,1381,246,40.0
40065,130.281,1381,246,40.0
40072,129.805,1381,246,40.0
40076,129.805,1381,246,40.0
40091,129.805,1386,246,40.0
40098,129.805,1386,246,40.0
40115,129.805,1386,247,40.0
40127,130.495,1386,247,40.0
40142,130.495,1386,247,40.0
40152,130.495,1386,247,40.0
40158,130.495,1386,247,40.0
40164,130.495,1386,247,40.0
40172,130.495,1386,247,40.0
40185,129.684,1387,247,169.0
40199,129.684,1387,247,160.0
40206,129.684,1387,247,152.0
40223,129.684,1387,246,145.0
40240,130.926,1387,246,118.0
40250,130.926,1387,246,113.0
40264,130.926,1387,246,109.0
40272,130.926,1387,246,106.0
40291,137.634,1395,246,40.0
40300,137.634,1395,246,40.0
40305,137.634,1395,246,40.0
40312,137.634,1395,245,40.0
40319,137.634,1395,245,40.0
40327,137.634,1395,245,40.0
40334,142.295,1395,245,40.0
40349,142.295,1395,245,40.0
40358,142.295,1395,245,40.0
40366,142.295,1395,245,40.0
40374,142.295,1395,245,40.0
40393,142.638,1532,245,40.0
40402,142.638,1532,245,40.0
40415,142.638,1532,275,40.0
40424,142.638,1532,275,40.0
40435,142.638,1532,275,40.0
40447,141.768,1532,275,40.0
40456,141.768,1532,275,40.0
40469,141.768,1532,275,40.0
40481,141.768,1532,275,40.0
40495,141.851,1541,275,40.0
40509,141.851,1541,267,40.0
40523,141.851,1541,267,40.0
40533,141.851,1541,267,40.0
40546,141.855,1541,267,40.0
40553,141.855,1541,267,40.0
40561,141.855,1541,267,40.0
40567,141.855,1541,267,40.0
40575,141.855,1541,267,40.0
40583,141.855,1541,267,40.0
40593,141.855,1468,267,40.0
40601,141.832,1468,267,40.0
40606,141.832,1468,264,40.0
40614,141.832,1468,264,40.0
40622,141.832,1468,264,40.0
40627,141.832,1468,264,40.0
40636,141.832,1468,264,40.0
40644,141.832,1468,264,40.0
40650,141.842,1468,264,40.0
40658,141.842,1468,264,40.0
40676,141.842,1468,264,40.0
40688,141.842,1544,264,40.0
40693,141.842,1544,264,40.0
40703,141.842,1544,261,40.0
40711,141.835,1544,261,40.0
40715,141.835,1544,261,40.0
40723,141.835,1544,261,40.0
40731,141.835,1544,261,40.0
40742,141.835,1544,261,40.0
40747,141.835,1544,261,40.0
40753,141.835,1544,261,40.0
40763,141.798,1544,261,40.0
40772,141.798,1544,261,40.0
40786,141.798,1594,261,121.0
40800,141.798,1594,262,115.0
40813,141.681,1594,262,112.0
40828,141.681,1594,262,107.0
40845,141.681,1594,262,103.0
40856,141.681,1594,262,100.0
40868,146.139,1594,262,40.0
40884,146.139,1513,262,40.0
40895,146.139,1513,275,40.0
40905,146.139,1513,275,40.0
40922,150.995,1513,275,40.0
40926,150.995,1513,275,40.0
40934,150.995,1513,275,40.0
40942,150.995,1513,275,40.0
40948,150.995,1513,275,40.0
40958,150.995,1513,275,40.0
40964,150.995,1513,275,40.0
40974,151.547,1513,275,40.0
40982,151.547,1680,275,40.0
40990,151.547,1680,310,40.0
40997,151.547,1680,310,40.0
41003,151.547,1680,310,40.0
41013,151.547,1680,310,40.0
41019,151.547,1680,310,40.0
41029,150.998,1680,310,40.0
41038,150.998,1680,310,40.0
41051,150.998,1680,310,40.0
41062,150.998,1680,310,40.0
41068,150.998,1680,310,40.0
41075,150.967,1680,310,40.0
41083,150.967,1778,310,40.0
41091,150.967,1778,310,40.0
41095,150.967,1778,310,40.0
41104,150.967,1778,310,40.0
41117,150.967,1778,310,40.0
41131,151.009,1778,310,40.0
41143,151.009,1778,310,40.0
41149,151.009,1778,310,40.0
41165,151.009,1778,310,40.0
41171,151.009,1778,310,40.0
41190,150.974,1795,306,40.0
41199,150.974,1795,306,40.0
41213,150.974,1795,306,40.0
41220,150.974,1795,306,40.0
41231,150.974,1795,306,40.0
41245,150.953,1795,306,40.0
41251,150.953,1795,306,40.0
41262,150.953,1795,306,40.0
41269,150.953,1795,306,40.0
41281,150.953,1904,306,40.0
41299,151.017,1904,298,40.0
41311,151.017,1904,298,40.0
41319,151.017,1904,298,40.0
41333,151.017,1904,298,40.0
41343,150.99,1904,298,40.0
41355,150.99,1904,298,40.0
41363,150.99,1904,298,40.0
41377,150.99,1849,298,40.0
41390,150.99,1849,300,141.0
41406,150.983,1849,300,135.0
41415,150.983,1849,300,128.0
41423,150.983,1849,300,123.0
41438,150.983,1849,300,118.0
41454,153.018,1849,300,79.0
41466,153.018,1849,300,77.0
41475,153.018,1858,300,74.0
41480,153.018,1858,300,72.0
41491,153.018,1858,306,71.0
41503,157.939,1858,306,40.0
41512,157.939,1858,306,40.0
41523,157.939,1858,306,40.0
41537,157.939,1858,306,40.0
41545,157.939,1858,306,40.0
41558,159.154,1858,306,40.0
41581,159.154,2097,306,40.0
41590,159.154,2097,336,40.0
41600,159.154,2097,336,40.0
41607,159.33,2097,336,40.0
41622,159.33,2097,336,40.0
41632,159.33,2097,336,40.0
41638,159.33,2097,336,40.0
41644,159.33,2097,336,40.0
41649,159.33,2097,336,40.0
41660,159.33,2097,336,40.0
41667,159.456,2097,336,40.0
41678,159.456,1962,336,40.0
41682,159.456,1962,336,40.0
41689,159.456,1962,334,40.0
41696,159.456,1962,334,40.0
41704,159.456,1962,334,40.0
41711,159.448,1962,334,40.0
41727,159.448,1962,334,40.0
41738,159.448,1962,334,40.0
41746,159.448,1962,334,40.0
41757,159.448,1962,334,40.0
41773,159.447,1988,334,40.0
41787,159.447,1988,327,40.0
41803,159.447,1988,327,40.0
41814,159.447,1988,327,40.0
41826,159.461,1988,327,40.0
41841,159.461,1988,327,40.0
41847,159.461,1988,327,40.0
41853,159.461,1988,327,40.0
41861,159.461,1988,327,40.0
41872,159.442,2024,327,40.0
41886,159.442,2024,327,40.0
41895,159.442,2024,327,40.0
41902,159.442,2024,327,40.0
41908,159.442,2024,327,40.0
41916,159.442,2024,327,40.0
41926,159.47,2024,327,40.0
41940,159.47,2024,327,40.0
41947,159.47,2024,327,40.0
41963,159.47,2024,327,40.0
41985,159.444,2058,326,40.0
41996,159.444,2058,326,171.0
42009,159.444,2058,326,162.0
42013,159.444,2058,326,155.0
42018,159.444,2058,326,148.0
42024,159.444,2058,326,141.0
42036,160.219,2058,326,122.0
42051,160.219,2058,326,118.0
42057,160.219,2058,326,114.0
42062,160.219,2058,326,110.0
42074,160.219,2071,326,107.0
42092,163.749,2071,338,45.0
42106,163.749,2071,338,45.0
42111,163.749,2071,338,46.0
42120,163.749,2071,338,46.0
42128,163.749,2071,338,47.0
42135,166.586,2071,338,40.0
42144,166.586,2071,338,40.0
42150,166.586,2071,338,40.0
42155,166.586,2071,338,40.0
42164,166.586,2071,338,40.0
42173,166.586,1945,338,40.0
42189,166.586,1945,351,40.0
42200,166.742,1945,351,40.0
42204,166.742,1945,351,40.0
42210,166.742,1945,351,40.0
42218,166.742,1945,351,40.0
42226,166.742,1945,351,40.0
42232,166.742,1945,351,40.0
42240,166.742,1945,351,40.0
42250,166.757,1945,351,40.0
42264,166.757,1945,351,40.0
42276,166.757,1943,351,40.0
42281,166.757,1943,351,40.0
42288,166.757,1943,347,40.0
42306,166.736,1943,347,40.0
42315,166.736,1943,347,40.0
42321,166.736,1943,347,40.0
42331,166.736,1943,347,40.0
42337,166.736,1943,347,40.0
42347,166.745,1943,347,40.0
42356,166.745,1943,347,40.0
42366,166.745,1943,347,40.0
42379,166.745,1940,347,40.0
42389,166.745,1940,331,40.0
42405,166.762,1940,331,40.0
42423,166.762,1940,331,40.0
42434,166.762,1940,331,40.0
42440,166.762,1940,331,40.0
42456,166.778,1940,331,40.0
42462,166.778,1940,331,40.0
42478,166.778,1883,331,40.0
42485,166.778,1883,331,40.0
42495,166.778,1883,331,40.0
42518,166.804,1883,331,40.0
42531,166.804,1883,331,40.0
42539,166.804,1883,331,40.0
42555,166.804,1883,331,40.0
42568,166.791,1883,331,40.0
42585,166.791,1909,339,40.0
42594,166.791,1909,339,192.0
42605,166.791,1909,339,184.0
42612,166.72,1909,339,177.0
42621,166.72,1909,339,170.0
42627,166.72,1909,339,163.0
42637,166.72,1909,339,158.0
42648,166.72,1909,339,152.0
42654,166.72,1909,339,148.0
42672,170.47,1909,339,81.0
42684,170.47,1899,319,80.0
42700,170.47,1899,319,80.0
42708,170.47,1899,319,79.0
42729,176.46,1899,319,40.0
42739,176.46,1899,319,40.0
42744,176.46,1899,319,40.0
42750,176.46,1899,319,40.0
42759,176.46,1899,319,40.0
42765,176.46,1899,319,40.0
42778,180.567,730,319,40.0
42788,180.567,730,261,40.0
42797,180.567,730,261,40.0
42808,180.567,730,261,40.0
42813,180.567,730,261,40.0
42819,180.567,730,261,40.0
42829,180.92,730,261,40.0
42836,180.92,730,261,40.0
42844,180.92,730,261,40.0
42852,180.92,730,261,40.0
42858,180.92,730,261,40.0
42866,180.92,730,261,40.0
42875,180.92,647,261,40.0
42893,180.028,647,246,40.0
42896,180.028,647,246,40.0
42909,180.028,647,246,40.0
42912,180.028,647,246,40.0
42923,180.028,647,246,40.0
42930,180.146,647,246,40.0
42938,180.146,647,246,40.0
42952,180.146,647,246,40.0
42964,180.146,647,246,40.0
42976,180.146,657,246,40.0
42993,180.116,657,250,40.0
43008,180.116,657,250,40.0
43019,180.116,657,250,40.0
43043,180.071,657,250,40.0
43053,180.071,657,250,40.0
43059,180.071,657,250,40.0
43065,180.071,657,250,40.0
43075,180.071,655,250,40.0
43081,180.071,655,250,40.0
43088,180.071,655,246,40.0
43099,180.055,655,246,40.0
43103,180.055,655,246,40.0
43112,180.055,655,246,40.0
43120,180.055,655,246,40.0
43125,180.055,655,246,40.0
43134,180.055,655,246,40.0
43143,180.104,655,246,40.0
43147,180.104,655,246,40.0
43156,180.104,655,246,40.0
43170,180.104,652,246,40.0
43180,180.104,652,246,164.0
43194,180.104,652,248,155.0
43203,180.081,652,248,148.0
43206,180.081,652,248,141.0
43218,180.081,652,248,135.0
43224,180.081,652,248,129.0
43234,180.081,652,248,124.0
43244,180.081,652,248,120.0
43259,184.455,652,248,42.0
43273,184.455,644,248,42.0
43284,184.455,644,241,43.0
43294,184.455,644,241,43.0
43306,190.267,644,241,40.0
43315,190.267,644,241,40.0
43324,190.267,644,241,40.0
43335,190.267,644,241,40.0
43349,190.267,644,241,40.0
43361,191.862,644,241,40.0
43371,191.862,634,241,40.0
43380,191.862,634,234,40.0
43387,191.862,634,234,40.0
43393,191.862,634,234,40.0
43398,191.862,634,234,40.0
43407,191.862,634,234,40.0
43421,191.092,634,234,40.0
43430,191.092,634,234,40.0
43446,191.092,634,234,40.0
43461,191.092,634,234,40.0
43472,191.07,627,234,40.0
43485,191.07,627,232,40.0
43497,191.07,627,232,40.0
43508,191.07,627,232,40.0
43523,191.02,627,232,40.0
43535,191.02,627,232,40.0
43551,191.02,627,232,40.0
43562,191.02,627,232,40.0
43579,191.004,629,232,40.0
43590,191.004,629,232,40.0
43601,191.004,629,232,40.0
43612,191.004,629,232,40.0
43624,191.036,629,232,40.0
43633,191.036,629,232,40.0
43644,191.036,629,232,40.0
43656,191.036,629,232,40.0
43667,191.036,629,232,40.0
43676,191.038,626,240,40.0
43689,191.038,626,240,40.0
43700,191.038,626,240,40.0
43711,191.038,626,240,40.0
43726,191.05,626,240,40.0
43735,191.05,626,240,40.0
43746,191.05,626,240,40.0
43760,191.05,626,240,40.0
43768,191.05,626,240,40.0
43787,191.086,630,231,139.0
43805,191.086,630,231,132.0
43817,191.086,630,231,126.0
43834,191.086,630,231,121.0
43857,191.905,630,231,102.0
43866,191.905,630,231,98.0
43879,191.905,630,233,95.0
43894,197.885,630,233,40.0
43906,197.885,630,233,40.0
43914,197.885,630,233,40.0
43920,197.885,630,233,40.0
43928,197.885,630,233,40.0
43937,204.432,630,233,41.0
43952,204.432,630,233,40.0
43962,204.432,630,233,40.0
43976,204.432,655,221,40.0
43984,204.432,655,221,40.0
43997,205.869,655,221,62.0
44006,205.869,655,221,61.0
44017,205.869,655,221,59.0
44029,205.869,655,221,58.0
44040,205.869,655,221,57.0
44047,204.977,655,221,41.0
44051,204.977,655,221,41.0
44060,204.977,655,221,41.0
44068,204.977,655,221,40.0
44075,204.977,657,221,40.0
44079,204.977,657,221,40.0
44089,204.977,657,221,40.0
44096,205.112,657,221,42.0
44104,205.112,657,221,42.0
44120,205.112,657,221,42.0
44133,205.112,657,221,42.0
44144,205.112,657,221,42.0
44157,205.091,657,221,41.0
44174,205.091,659,219,41.0
44182,205.091,659,219,41.0
44191,205.091,659,219,41.0
44199,205.091,659,219,41.0
44206,205.094,659,219,41.0
44221,205.094,659,219,41.0
44232,205.094,659,219,41.0
44243,205.094,659,219,41.0
44260,205.118,659,219,41.0
44273,205.118,654,217,41.0
44281,205.118,654,217,41.0
44292,205.118,654,217,41.0
44298,205.118,654,217,41.0
44304,205.118,654,217,41.0
44314,205.122,654,217,41.0
44321,205.122,654,217,41.0
44326,205.122,654,217,41.0
44335,205.122,654,217,41.0
44343,205.122,654,217,41.0
44348,205.122,654,217,41.0
44357,205.122,654,217,41.0
44366,205.089,654,217,40.0
44372,205.089,657,224,40.0
44380,205.089,657,224,40.0
44387,205.089,657,224,40.0
44392,205.089,657,224,40.0
44401,205.089,657,224,40.0
44420,205.182,657,224,40.0
44430,205.182,657,224,40.0
44443,205.182,657,224,40.0
44452,205.182,657,224,40.0
44477,205.741,659,219,40.0
44485,205.741,659,219,40.0
44501,205.741,659,219,40.0
44517,205.741,659,219,40.0
44530,205.696,659,219,40.0
44540,205.696,659,219,40.0
44545,205.696,659,219,40.0
44554,205.696,659,219,40.0
44561,205.696,659,219,40.0
44569,205.696,658,220,40.0
44585,205.651,658,220,40.0
44594,205.651,658,220,40.0
44605,205.651,658,220,40.0
44616,205.651,658,220,40.0
44629,205.662,658,220,40.0
44638,205.662,658,220,40.0
44646,205.662,658,220,40.0
44657,205.662,658,220,40.0
44676,205.662,658,219,40.0
44687,205.671,658,219,40.0
44696,205.671,658,219,40.0
44709,205.671,658,219,40.0
44720,205.671,658,219,40.0
44726,205.671,658,219,40.0
44733,205.601,658,219,40.0
44737,205.601,658,219,40.0
44747,205.601,658,219,40.0
44753,205.601,658,219,40.0
44762,205.601,658,219,40.0
44772,205.601,659,222,40.0
44775,205.601,659,222,40.0
44784,205.601,659,222,40.0
44798,205.64,659,222,40.0
44808,205.64,659,222,40.0
44819,205.64,659,222,40.0
44830,205.64,659,222,40.0
44847,205.595,659,222,40.0
44856,205.595,659,222,40.0
44873,205.595,656,217,40.0
44884,205.595,656,217,40.0
44901,205.497,656,217,40.0
44911,205.497,656,217,40.0
44917,205.497,656,217,40.0
44924,205.497,656,217,40.0
44944,205.497,656,217,40.0
44957,205.497,656,217,40.0
44969,205.497,658,220,40.0
44978,205.497,658,220,204.0
44983,205.497,658,220,195.0
44986,205.497,658,220,187.0
44992,205.497,658,220,180.0
45001,205.955,658,220,166.0
45009,205.955,658,220,160.0
45020,205.955,658,220,155.0
45027,205.955,658,220,151.0
45035,205.955,658,220,147.0
45044,205.955,658,220,144.0
45056,210.631,658,220,62.0
45068,210.631,669,219,63.0
45077,210.631,669,219,64.0
45086,210.631,669,219,65.0
45099,210.631,669,219,66.0
45112,218.629,669,219,40.0
45120,218.629,669,219,40.0
45131,218.629,669,219,40.0
45142,218.629,669,219,40.0
45153,218.629,669,219,40.0
45178,224.396,727,216,40.0
45186,224.396,727,216,40.0
45194,224.396,727,216,40.0
45200,224.396,727,216,40.0
45205,224.396,727,216,40.0
45215,226.162,727,216,53.0
45222,226.162,727,216,53.0
45227,226.162,727,216,52.0
45236,226.162,727,216,52.0
45244,226.162,727,216,52.0
45249,226.162,727,216,51.0
45255,226.162,727,216,51.0
45264,226.162,727,221,51.0
45274,224.721,747,221,40.0
45287,224.721,747,221,40.0
45293,224.721,747,221,40.0
45299,224.721,747,221,40.0
45307,224.721,747,221,40.0
45317,224.747,747,221,40.0
45326,224.747,747,221,40.0
45332,224.747,747,221,40.0
45337,224.747,747,221,40.0
45346,224.747,747,221,40.0
45356,224.747,747,221,40.0
45376,224.741,742,221,40.0
45389,224.741,742,221,40.0
45400,224.741,742,221,40.0
45414,224.741,742,221,40.0
45426,224.715,742,221,40.0
45435,224.715,742,221,40.0
45451,224.715,742,221,40.0
45464,224.715,742,216,40.0
45476,224.682,742,216,40.0
45484,224.682,742,216,40.0
45495,224.682,742,216,40.0
45512,224.682,742,216,40.0
45523,224.682,742,216,40.0
45535,224.655,742,216,40.0
45540,224.655,742,216,40.0
45551,224.655,742,216,40.0
45562,224.655,742,216,40.0
45572,224.655,745,216,40.0
45587,224.622,745,216,48.0
45595,224.622,745,216,47.0
45605,224.622,745,216,47.0
45612,224.622,745,216,47.0
45623,224.622,745,216,46.0
45641,225.309,745,216,40.0
45656,225.309,745,216,40.0
45680,225.309,744,219,40.0
45690,225.423,744,219,40.0
45699,225.423,744,219,40.0
45705,225.423,744,219,40.0
45717,225.423,744,219,40.0
45727,225.423,744,219,40.0
45739,225.423,744,219,40.0
45750,225.455,744,219,40.0
45763,225.455,744,218,40.0
45779,225.455,750,218,40.0
45790,225.455,750,218,40.0
45797,225.511,750,218,40.0
45801,225.511,750,218,40.0
45809,225.511,750,218,40.0
45817,225.511,750,218,40.0
45822,225.511,750,218,40.0
45828,225.511,750,218,40.0
45836,225.511,750,218,40.0
45856,225.463,750,218,40.0
45872,225.463,750,216,40.0
45884,225.463,745,216,40.0
45894,225.463,745,216,40.0
45906,225.52,745,216,40.0
45915,225.52,745,216,40.0
45926,225.52,745,216,40.0
45937,225.52,745,216,40.0
45949,225.52,745,216,40.0
45968,225.526,745,221,40.0
45971,225.526,745,221,40.0
45978,225.526,755,221,40.0
45982,225.526,755,221,40.0
45988,225.526,755,221,40.0
45996,225.526,755,221,40.0
46016,225.537,755,221,40.0
46026,225.537,755,221,40.0
46037,225.537,755,221,40.0
46053,225.537,755,221,40.0
46067,225.597,755,216,40.0
46076,225.597,751,216,40.0
46086,225.597,751,216,40.0
46097,225.597,751,216,40.0
46111,225.573,751,216,40.0
46119,225.573,751,216,40.0
46130,225.573,751,216,40.0
46141,225.573,751,216,40.0
46157,225.573,751,216,40.0
46173,225.622,751,220,40.0
46182,225.622,751,220,40.0
46188,225.622,751,220,40.0
46198,225.622,751,220,40.0
46206,225.622,751,220,40.0
46219,225.533,751,220,40.0
46224,225.533,751,220,40.0
46233,225.533,751,220,40.0
46245,225.533,751,220,203.0
46255,225.533,751,220,194.0
46264,225.533,751,218,186.0
46269,225.533,749,218,179.0
46278,226.061,749,218,164.0
46285,226.061,749,218,159.0
46290,226.061,749,218,154.0
46306,226.061,749,218,150.0
46313,226.061,749,218,146.0
46324,231.033,749,218,59.0
46333,231.033,749,218,60.0
46344,231.033,749,218,61.0
46357,231.033,749,218,62.0
46366,231.033,1182,213,63.0
46376,238.941,1182,213,40.0
46385,238.941,1182,213,40.0
46396,238.941,1182,213,40.0
46411,238.941,1182,213,40.0
46421,238.941,1182,213,40.0
46433,243.033,1182,213,40.0
46442,243.033,1182,213,40.0
46449,243.033,1182,213,40.0
46473,243.033,1620,219,40.0
46489,242.81,1620,219,40.0
46505,242.81,1620,219,40.0
46515,242.81,1620,219,40.0
46528,242.81,1620,219,40.0
46535,242.332,1620,219,40.0
46545,242.332,1620,219,40.0
46550,242.332,1620,219,40.0
46556,242.332,1620,219,40.0
46563,242.332,1587,219,40.0
46578,242.332,1587,219,40.0
46590,242.221,1587,219,40.0
46605,242.221,1587,219,40.0
46616,242.221,1587,219,40.0
46621,242.221,1587,219,40.0
46631,242.221,1587,219,40.0
46646,242.229,1587,219,40.0
46663,242.229,1612,218,40.0
46675,242.229,1612,218,40.0
46681,242.229,1612,218,40.0
46687,242.229,1612,218,40.0
46697,242.214,1612,218,40.0
46703,242.214,1612,218,40.0
46709,242.214,1612,218,40.0
46717,242.214,1612,218,40.0
46725,242.214,1612,218,40.0
46731,242.214,1612,218,40.0
46739,242.214,1612,218,40.0
46749,242.248,1612,218,40.0
46766,242.248,1626,214,40.0
46775,242.248,1626,214,40.0
46786,242.248,1626,214,40.0
46797,242.248,1626,214,40.0
46810,242.252,1626,214,40.0
46814,242.252,1626,214,40.0
46819,242.252,1626,214,40.0
46830,242.252,1626,214,40.0
46836,242.252,1626,214,109.0
46841,242.252,1626,214,104.0
46850,242.252,1626,214,100.0
46861,242.292,1620,216,95.0
46873,242.292,1620,216,92.0
46890,242.292,1620,216,89.0
46901,242.292,1620,216,86.0
46908,245.526,1620,216,40.0
46912,245.526,1620,216,40.0
46921,245.526,1620,216,40.0
46929,245.526,1620,216,40.0
46934,245.526,1620,216,40.0
46943,245.526,1620,216,40.0
46950,245.526,1620,216,40.0
46958,245.526,1575,214,40.0
46968,246.719,1575,214,40.0
46983,246.719,1575,214,40.0
46994,246.719,1575,214,40.0
47000,246.719,1575,214,40.0
47010,246.719,1575,214,40.0
47028,246.385,1575,214,40.0
47038,246.385,1575,214,40.0
47054,246.385,1553,210,40.0
47068,246.418,1553,210,40.0
47077,246.418,1553,210,40.0
47083,246.418,1553,210,40.0
47093,246.418,1553,210,40.0
47099,246.418,1553,210,40.0
47107,246.418,1553,210,40.0
47125,246.448,1553,210,40.0
47135,246.448,1553,210,40.0
47151,246.448,1540,213,40.0
47159,246.448,1540,213,40.0
47165,246.448,1540,213,40.0
47172,246.507,1540,213,40.0
47176,246.507,1540,213,40.0
47186,246.507,1540,213,40.0
47192,246.507,1540,213,40.0
47198,246.507,1540,213,40.0
47208,246.507,1540,213,40.0
47214,246.507,1540,213,40.0
47219,246.507,1540,213,40.0
47231,246.553,1540,213,40.0
47241,246.553,1540,213,40.0
47258,246.553,1551,217,40.0
47269,246.553,1551,217,40.0
47281,246.58,1551,217,40.0
47290,246.58,1551,217,40.0
47301,246.58,1551,217,40.0
47307,246.58,1551,217,40.0
47313,246.58,1551,217,40.0
47322,246.58,1551,217,40.0
47339,246.586,1551,217,40.0
47353,246.586,1586,213,40.0
47363,246.586,1586,213,40.0
47371,246.586,1586,213,40.0
47379,246.586,1586,213,40.0
47397,246.628,1586,213,40.0
47407,246.628,1586,213,40.0
47418,246.628,1586,213,40.0
47430,246.628,1586,213,193.0
47442,246.64,1586,213,185.0
47453,246.64,1553,210,177.0
47459,246.64,1553,210,170.0
47467,246.64,1553,210,163.0
47473,246.64,1553,210,158.0
47481,246.64,1553,210,153.0
47495,249.25,1553,210,104.0
47503,249.25,1553,210,102.0
47514,249.25,1553,210,101.0
47528,249.25,1553,210,99.0
47538,249.25,1553,210,98.0
47547,255.358,1526,210,40.0
47560,255.358,1526,229,40.0
47566,255.358,1526,229,40.0
47572,255.358,1526,229,40.0
47577,255.358,1526,229,40.0
47588,255.358,1526,229,40.0
47595,260.936,1526,229,40.0
47605,260.936,1526,229,40.0
47614,260.936,1526,229,40.0
47627,260.936,1526,229,40.0
47637,260.936,1526,229,40.0
47645,260.936,1417,229,40.0
47651,262.281,1417,347,40.0
47665,262.281,1417,347,40.0
47681,262.281,1417,347,40.0
47693,262.281,1417,347,40.0
47710,261.222,1417,347,40.0
47725,261.222,1417,347,40.0
47741,261.222,1408,347,40.0
47755,261.234,1408,373,40.0
47769,261.234,1408,373,40.0
47780,261.234,1408,373,40.0
47791,261.234,1408,373,40.0
47802,261.234,1408,373,40.0
47816,261.213,1408,373,40.0
47825,261.213,1408,373,40.0
47831,261.213,1408,373,40.0
47837,261.213,1403,373,40.0
47845,261.213,1403,373,40.0
47854,261.213,1403,365,40.0
47858,261.213,1403,365,40.0
47868,261.166,1403,365,40.0
47874,261.166,1403,365,40.0
47880,261.166,1403,365,40.0
47891,261.166,1403,365,40.0
47902,261.166,1403,365,40.0
47914,261.173,1403,365,40.0
47924,261.173,1403,365,40.0
47936,261.173,1413,365,40.0
47946,261.173,1413,365,40.0
47958,261.173,1413,366,40.0
47970,261.222,1413,366,40.0
47979,261.222,1413,366,40.0
47990,261.222,1413,366,40.0
48005,261.222,1413,366,40.0
48011,261.222,1413,366,40.0
48023,261.219,1413,366,40.0
48037,261.219,1405,366,135.0
48050,261.219,1405,363,129.0
48061,261.219,1405,363,123.0
48069,261.219,1405,363,118.0
48083,262.443,1405,363,92.0
48094,262.443,1405,363,89.0
48104,262.443,1405,363,86.0
48115,262.443,1405,363,83.0
48124,262.443,1405,363,81.0
48135,266.306,1400,363,40.0
48149,266.306,1400,358,40.0
48155,266.306,1400,358,40.0
48165,266.306,1400,358,40.0
48171,266.306,1400,358,40.0
48181,266.306,1400,358,40.0
48188,269.246,1400,358,40.0
48203,269.246,1400,358,40.0
48219,269.246,1400,358,40.0
48236,269.605,1364,358,40.0
48248,269.605,1364,405,40.0
48258,269.605,1364,405,40.0
48269,269.605,1364,405,40.0
48280,269.605,1364,405,40.0
48292,269.581,1364,405,40.0
48302,269.581,1364,405,40.0
48313,269.581,1364,405,40.0
48324,269.581,1364,405,40.0
48336,269.581,1363,405,40.0
48349,269.606,1363,396,40.0
48362,269.606,1363,396,40.0
48368,269.606,1363,396,40.0
48377,269.606,1363,396,40.0
48385,269.606,1363,396,40.0
48391,269.578,1363,396,40.0
48399,269.578,1363,396,40.0
48417,269.578,1363,396,40.0
48428,269.578,1363,396,40.0
48435,269.578,1361,396,40.0
48440,269.578,1361,396,40.0
48449,269.641,1361,399,40.0
48456,269.641,1361,399,40.0
48461,269.641,1361,399,40.0
48470,269.641,1361,399,40.0
48478,269.641,1361,399,40.0
48483,269.641,1361,399,40.0
48493,269.641,1361,399,40.0
48501,269.697,1361,399,40.0
48508,269.697,1361,399,40.0
48516,269.697,1361,399,40.0
48521,269.697,1361,399,40.0
48533,269.697,1361,399,40.0
48544,269.697,1361,391,40.0
48568,269.641,1361,391,40.0
48576,269.641,1361,391,40.0
48592,269.641,1361,391,40.0
48607,269.713,1361,391,40.0
48617,269.713,1361,391,40.0
48629,269.713,1365,391,40.0
48641,269.713,1365,394,168.0
48654,269.713,1365,394,160.0
48663,269.715,1365,394,152.0
48666,269.715,1365,394,145.0
48683,269.715,1365,394,139.0
48693,269.715,1365,394,133.0
48716,273.629,1365,394,62.0
48727,273.629,1360,394,61.0
48739,273.629,1360,352,60.0
48748,273.629,1360,352,59.0
48763,273.629,1360,352,58.0
48777,279.489,1360,352,40.0
48792,279.489,1360,352,40.0
48803,279.489,1360,352,40.0
48810,279.489,1360,352,40.0
48830,282.882,1358,352,40.0
48844,282.882,1358,269,40.0
48854,282.882,1358,269,40.0
48868,282.882,1358,269,40.0
48878,283.265,1358,269,40.0
48892,283.265,1358,269,40.0
48904,283.265,1358,269,40.0
48915,283.265,1358,269,40.0
48929,282.683,1355,269,40.0
48938,282.683,1355,248,40.0
48943,282.683,1355,248,40.0
48948,282.683,1355,248,40.0
48957,282.683,1355,248,40.0
48965,282.683,1355,248,40.0
48970,282.683,1355,248,40.0
48982,282.768,1355,248,40.0
48986,282.768,1355,248,40.0
48995,282.768,1355,248,40.0
49003,282.768,1355,248,40.0
49019,282.768,1355,248,40.0
49027,282.772,1355,248,40.0
49030,282.772,1355,248,40.0
49040,282.772,1355,249,40.0
49052,282.772,1355,249,40.0
49058,282.772,1355,249,40.0
49063,282.772,1355,249,40.0
49069,282.772,1355,249,40.0
49080,282.945,1355,249,40.0
49085,282.945,1355,249,40.0
49095,282.945,1355,249,40.0
49105,282.945,1355,249,40.0
49122,282.945,1356,249,40.0
49135,282.976,1356,248,40.0
49144,282.976,1356,248,40.0
49152,282.976,1356,248,40.0
49169,282.976,1356,248,40.0
49176,282.976,1356,248,40.0
49194,283.04,1356,248,40.0
49207,283.04,1356,248,40.0
49215,283.04,1356,248,40.0
49233,283.04,1356,251,40.0
49244,283.072,1356,251,90.0
49253,283.072,1356,251,86.0
49258,283.072,1356,251,83.0
49268,283.072,1356,251,80.0
49279,283.072,1356,251,78.0
49293,283.815,1356,251,63.0
49302,283.815,1356,251,62.0
49308,283.815,1356,251,60.0
49313,283.815,1356,251,59.0
49325,283.815,1360,251,58.0
49331,283.815,1360,243,57.0
49338,283.815,1360,243,56.0
49347,284.542,1360,243,43.0
49351,284.542,1360,243,43.0
49362,284.542,1360,243,43.0
49368,284.542,1360,243,43.0
49376,284.542,1360,243,43.0
49387,284.542,1360,243,43.0
49402,284.49,1360,243,44.0
49411,284.49,1360,243,44.0
49417,284.49,1360,243,44.0
49423,284.49,1363,243,44.0
49432,284.49,1363,236,44.0
49439,284.49,1363,236,44.0
49444,284.49,1363,236,44.0
49456,284.545,1363,236,43.0
49460,284.545,1363,236,43.0
49466,284.545,1363,236,43.0
49476,284.545,1363,236,43.0
49482,284.545,1363,236,43.0
49491,284.545,1363,236,43.0
49499,284.545,1363,236,43.0
49506,284.604,1363,236,42.0
49510,284.604,1363,236,42.0
49520,284.604,1363,236,42.0
49528,284.604,1363,233,42.0
49535,284.604,1363,233,42.0
49543,284.604,1363,233,42.0
49548,284.604,1363,233,42.0
49557,284.604,1363,233,42.0
49576,284.768,1363,233,40.0
49586,284.768,1363,233,40.0
49592,284.768,1363,233,40.0
49600,284.768,1363,233,40.0
49610,284.825,1363,233,40.0
49614,284.825,1363,233,40.0
49626,284.825,1365,234,40.0
49630,284.825,1365,234,40.0
49638,284.825,1365,234,40.0
49649,284.825,1365,234,40.0
49664,284.892,1365,234,40.0
49678,284.892,1365,234,40.0
49690,284.892,1365,234,40.0
49695,284.892,1365,234,40.0
49701,284.892,1365,234,40.0
49709,284.892,1365,234,40.0
49718,284.926,1365,234,40.0
49725,284.926,1365,234,40.0
49733,284.926,1365,234,40.0
49739,284.926,1365,234,40.0
49747,284.926,1365,234,40.0
49758,284.926,1365,234,40.0
49773,285.009,1365,234,40.0
49782,285.009,1365,234,40.0
49788,285.009,1365,234,40.0
49793,285.009,1365,234,40.0
49802,285.009,1365,234,40.0
49810,285.009,1365,234,40.0
49815,285.009,1365,234,40.0
49829,285.043,1365,235,40.0
49837,285.043,1365,235,206.0
49853,285.043,1365,235,197.0
49863,285.043,1365,235,189.0
49869,285.043,1365,235,182.0
49876,286.501,1365,235,152.0
49880,286.501,1365,235,147.0
49892,286.501,1365,235,143.0
49898,286.501,1365,235,140.0
49908,286.501,1365,235,136.0
49918,286.501,1365,235,134.0
49937,291.165,1372,224,53.0
49946,291.165,1372,224,55.0
49957,291.165,1372,224,56.0
49968,291.165,1372,224,58.0
49981,296.787,1372,224,40.0
49990,296.787,1372,224,40.0
50001,296.787,1372,224,40.0
50016,296.787,1372,224,40.0
50022,296.787,1372,224,40.0
50037,300.63,1433,217,40.0
50049,300.63,1433,217,40.0
50058,300.63,1433,217,40.0
50069,300.63,1433,217,40.0
50080,300.63,1433,217,40.0
50094,300.838,1433,217,40.0
50112,300.838,1433,217,40.0
50123,300.838,1433,217,40.0
50147,300.592,1453,213,40.0
50155,300.592,1453,213,40.0
50160,300.592,1453,213,40.0
50169,300.592,1453,213,40.0
50177,300.592,1453,213,40.0
50185,300.592,1453,213,40.0
50194,300.693,1453,213,40.0
50198,300.693,1453,213,40.0
50207,300.693,1453,213,40.0
50215,300.693,1453,213,40.0
50220,300.693,1453,213,40.0
50229,300.693,1453,213,40.0
50239,300.693,1451,206,40.0
50242,300.693,1451,206,40.0
50254,300.774,1451,206,40.0
50259,300.774,1451,206,40.0
50267,300.774,1451,206,40.0
50275,300.774,1451,206,40.0
50281,300.774,1451,206,40.0
50289,300.774,1451,206,40.0
50297,300.774,1451,206,40.0
50304,300.842,1451,206,40.0
50311,300.842,1451,206,40.0
50319,300.842,1451,206,40.0
50327,300.842,1451,206,40.0
50341,300.842,1459,209,40.0
50353,300.779,1459,209,40.0
50362,300.779,1459,209,40.0
50368,300.779,1459,209,40.0
50373,300.779,1459,209,40.0
50382,300.779,1459,209,40.0
50390,300.779,1459,209,40.0
50395,300.779,1459,209,40.0
50406,300.779,1459,209,40.0
50413,300.902,1459,209,40.0
50420,300.902,1459,209,40.0
50438,300.902,1447,208,144.0
50450,300.902,1447,208,137.0
50464,300.995,1447,208,129.0
50472,300.995,1447,208,123.0
50488,300.995,1447,208,118.0
50496,300.995,1447,208,113.0
50506,300.995,1447,208,109.0
50516,305.588,1447,208,40.0
50534,305.588,1476,208,40.0
50542,305.588,1476,208,40.0
50552,305.588,1476,208,40.0
50565,310.807,1476,208,40.0
50579,310.807,1476,208,40.0
50590,310.807,1476,208,40.0
50602,310.807,1476,208,40.0
50614,310.807,1476,208,40.0
50626,311.497,1476,208,40.0
50638,311.497,1488,202,40.0
50646,311.497,1488,202,40.0
50657,311.497,1488,202,40.0
50671,311.048,1488,202,40.0
50680,311.048,1488,202,40.0
50686,311.048,1488,202,40.0
50691,311.048,1488,202,40.0
50700,311.048,1488,202,40.0
50713,311.048,1488,202,40.0
50729,311.174,1488,200,40.0
50740,311.174,1501,200,40.0
50745,311.174,1501,200,40.0
50751,311.174,1501,200,40.0
50759,311.174,1501,200,40.0
50767,311.174,1501,200,40.0
50777,311.196,1501,200,40.0
50784,311.196,1501,200,40.0
50789,311.196,1501,200,40.0
50798,311.196,1501,200,40.0
50806,311.196,1501,200,40.0
50811,311.196,1501,200,40.0
50820,311.196,1501,200,40.0
50830,311.261,1501,199,40.0
50843,311.261,1499,199,40.0
50849,311.261,1499,199,40.0
50855,311.261,1499,199,40.0
50860,311.261,1499,199,40.0
50869,311.261,1499,199,40.0
50877,311.261,1499,199,40.0
50884,311.328,1499,199,40.0
50899,311.328,1499,199,40.0
50910,311.328,1499,199,40.0
50921,311.328,1499,199,40.0
50933,311.328,1499,200,40.0
50946,311.351,1498,200,40.0
50954,311.351,1498,200,40.0
50965,311.351,1498,200,40.0
50976,311.351,1498,200,40.0
50990,311.391,1498,200,40.0
50998,311.391,1498,200,40.0
51014,311.391,1498,200,40.0
51027,311.391,1498,201,132.0
51052,311.443,1489,201,125.0
51058,311.443,1489,201,119.0
51069,311.443,1489,201,114.0
51075,311.443,1489,201,109.0
51084,311.443,1489,201,105.0
51091,311.443,1489,201,101.0
51101,314.099,1489,201,54.0
51108,314.099,1489,201,53.0
51113,314.099,1489,201,52.0
51119,314.099,1489,201,52.0
51130,314.099,1489,197,51.0
51138,314.099,1489,197,51.0
51151,317.504,1453,197,40.0
51159,317.504,1453,197,40.0
51170,317.504,1453,197,40.0
51186,317.504,1453,197,40.0
51194,317.504,1453,197,40.0
51207,317.792,1453,197,40.0
51216,317.792,1453,197,40.0
51233,317.792,1453,203,40.0
51244,317.792,1453,203,40.0
51257,317.722,1335,203,40.0
51265,317.722,1335,203,40.0
51278,317.722,1335,203,40.0
51289,317.722,1335,203,40.0
51300,317.722,1335,203,40.0
51317,317.829,1335,203,40.0
51327,317.829,1335,201,40.0
51332,317.829,1335,201,40.0
51337,317.829,1335,201,40.0
51352,317.829,1352,201,40.0
51361,317.914,1352,201,40.0
51376,317.914,1352,201,40.0
51382,317.914,1352,201,40.0
51387,317.914,1352,201,40.0
51398,317.914,1352,201,40.0
51407,317.914,1352,201,40.0
51425,317.926,1352,200,40.0
51436,317.926,1352,200,40.0
51442,317.926,1352,200,40.0
51449,317.926,1352,200,40.0
51467,317.94,1352,200,40.0
51476,317.94,1352,200,40.0
51482,317.94,1352,200,40.0
51490,317.94,1352,200,40.0
51498,317.94,1352,200,40.0
51506,317.94,1352,200,40.0
51519,317.972,1352,200,40.0
51528,317.972,1352,199,40.0
51538,317.972,1352,199,40.0
51553,317.972,1367,199,40.0
51562,317.972,1367,199,40.0
51575,318.039,1367,199,40.0
51579,318.039,1367,199,40.0
51584,318.039,1367,199,40.0
51596,318.039,1367,199,40.0
51601,318.039,1367,199,40.0
51606,318.039,1367,199,40.0
51623,318.039,1367,200,40.0
51633,318.088,1367,200,181.0
51650,318.088,1356,200,173.0
51660,318.088,1356,200,165.0
51670,318.088,1356,200,158.0
51679,319.635,1356,200,126.0
51685,319.635,1356,200,121.0
51696,319.635,1356,200,117.0
51702,319.635,1356,200,114.0
51710,319.635,1356,200,111.0
51719,319.635,1356,195,108.0
51736,323.665,1356,195,40.0
51747,323.665,1244,195,40.0
51756,323.665,1244,195,40.0
51767,323.665,1244,195,41.0
51784,327.259,1244,195,40.0
51793,327.259,1244,195,40.0
51809,327.259,1244,195,40.0
51822,327.259,1244,195,40.0
51831,327.259,1244,195,40.0
51850,327.485,1104,195,40.0
51859,327.485,1104,195,40.0
51872,327.485,1104,195,40.0
51883,327.485,1104,195,40.0
51890,327.471,1104,195,40.0
51894,327.471,1104,195,40.0
51903,327.471,1104,195,40.0
51911,327.471,1104,195,40.0
51917,327.471,1104,193,40.0
51925,327.471,1104,193,40.0
51932,327.471,1104,193,40.0
51938,327.471,1104,193,40.0
51949,327.528,1087,193,40.0
51965,327.528,1087,193,40.0
51976,327.528,1087,193,40.0
51982,327.528,1087,193,40.0
51987,327.528,1087,193,40.0
51996,327.528,1087,193,40.0
52005,327.528,1087,193,40.0
52009,327.528,1087,193,40.0
52019,327.528,1087,196,40.0
52036,327.528,1087,196,40.0
52055,327.527,1102,196,40.0
52069,327.527,1102,196,40.0
52084,327.527,1102,196,40.0
52093,327.527,1102,196,40.0
52106,327.517,1102,196,40.0
52117,327.517,1102,194,40.0
52126,327.517,1102,194,40.0
52137,327.517,1102,194,40.0
52150,327.517,1100,194,40.0
52160,327.506,1100,194,40.0
52170,327.506,1100,194,40.0
52184,327.506,1100,194,40.0
52194,327.506,1100,194,40.0
52205,327.506,1100,194,40.0
52219,327.64,1100,195,40.0
52227,327.64,1100,195,184.0
52238,327.64,1100,195,176.0
52245,327.64,1101,195,168.0
52250,327.64,1101,195,161.0
52254,327.64,1101,195,155.0
52261,328.397,1101,195,136.0
52265,328.397,1101,195,132.0
52276,328.397,1101,195,128.0
52297,328.397,1101,195,125.0
52307,328.397,1101,195,121.0
52318,333.285,1101,196,40.0
52329,333.285,1101,196,40.0
52341,333.285,1044,196,40.0
52351,333.285,1044,196,41.0
52362,333.285,1044,196,42.0
52374,338.482,1044,196,40.0
52389,338.482,1044,196,40.0
52395,338.482,1044,196,40.0
52404,338.482,1044,196,40.0
52410,338.482,1044,196,40.0
52421,341.435,1044,201,40.0
52432,341.435,1044,201,40.0
52441,341.435,948,201,40.0
52451,341.435,948,201,40.0
52462,341.435,948,201,40.0
52477,341.638,948,201,40.0
52486,341.638,948,201,40.0
52497,341.638,948,201,40.0
52505,341.638,948,201,40.0
52518,341.638,948,204,40.0
52530,340.994,948,204,40.0
52544,340.994,923,204,40.0
52555,340.994,923,204,40.0
52566,340.994,923,204,40.0
52582,340.945,923,204,40.0
52590,340.945,923,204,40.0
52601,340.945,923,204,40.0
52614,340.945,923,203,40.0
52624,340.945,923,203,40.0
52640,340.969,931,203,40.0
52650,340.969,931,203,40.0
52659,340.969,931,203,40.0
52670,340.969,931,203,40.0
52681,340.969,931,203,40.0
52698,340.928,931,203,40.0
52708,340.928,931,203,40.0
52722,340.928,931,202,40.0
52731,340.928,931,202,40.0
52748,340.96,931,202,40.0
52762,340.96,931,202,40.0
52773,340.96,931,202,40.0
52781,340.96,931,202,40.0
52802,341.009,931,202,40.0
52823,341.009,931,203,40.0
52834,341.009,931,203,140.0
52848,341.009,932,203,133.0
52859,341.009,932,203,127.0
52865,341.009,932,203,122.0
52873,341.009,932,203,117.0
52887,341.009,932,203,112.0
52901,343.231,932,203,71.0
52912,343.231,932,203,69.0
52919,343.231,932,199,68.0
52927,343.231,932,199,66.0
52935,343.231,932,199,65.0
52946,343.231,907,199,64.0
52961,348.211,907,199,40.0
52973,348.211,907,199,40.0
52984,348.211,907,199,40.0
52995,348.211,907,199,40.0
53007,350.415,907,199,40.0
53023,350.415,907,223,40.0
53032,350.415,907,223,40.0
53044,350.415,851,223,40.0
53058,350.108,851,223,40.0
53066,350.108,851,223,40.0
53076,350.108,851,223,40.0
53082,350.108,851,223,40.0
53091,350.108,851,223,40.0
53104,350.108,851,223,40.0
53111,349.955,851,223,40.0
53121,349.955,851,229,40.0
53132,349.955,851,229,40.0
53144,349.955,850,229,40.0
53149,349.955,850,229,40.0
53154,349.955,850,229,40.0
53164,350.631,850,229,40.0
53171,350.631,850,229,40.0
53186,350.631,850,229,40.0
53203,350.631,850,229,40.0
53222,349.586,850,233,40.0
53236,349.586,850,233,40.0
53252,349.586,856,233,40.0
53260,349.586,856,233,40.0
53273,350.083,856,233,40.0
53282,350.083,856,233,40.0
53292,350.083,856,233,40.0
53298,350.083,856,233,40.0
53303,350.083,856,233,40.0
53309,350.083,856,233,40.0
53318,350.083,856,229,40.0
53326,349.484,856,229,40.0
53342,349.484,861,229,40.0
53352,349.484,861,229,40.0
53358,349.484,861,229,40.0
53363,349.484,861,229,40.0
53373,350.217,861,229,40.0
53380,350.217,861,229,40.0
53390,350.217,861,229,40.0
53398,350.217,861,229,40.0
53409,350.217,861,229,40.0
53425,350.217,861,229,40.0
